CASO,CODIGO,P,HC,DERIVA,Estudio,Resultado,GRUPO,ETNIA,EDAD,CM,RECIDIVA,SINCRO,DX1,DX2,HISTO1,HISTO2,GRADO1,GRADO2,RE1,RE2,RP1,RP2,HER21,HER22,HISTFAM ,CONSANGU,GANGLIOS1,GANGLIOS2,Region,Region-corregida,Region-1,Region-2,nombre-genes,input_clinvar,gen-clinvar,Gene,ID,Accession,Variation Name,gene_name_variant_region,Germline Classification,Links,HF,num_pos,C-M,C-O
112.0,F202,1.0,688.018,H Rivad,panel Narod(BRCA2),Positiva p/BRCA2:c.8987T>A( patogénica),1.0,0,57.0,1,0,sd,56.0,sd,CDI,sd,2.0,1,0,sd,0,sd,0,sd,1,3.0,1.0,sd,Positiva p/BRCA2:c.8987T>A(,BRCA2,c.8987T>A(,c.8987T>A,BRCA2,BRCA2 c.8987T>A,BRCA2,BRCA2,219665.0,VCV000219665.,NM_000059.4(BRCA2):c.8987T>A (p.Leu2996Ter),BRCA2_c.8987T>A,P,"ClinGen: CA348592, dbSNP: 864622200",0,8987.0,alto,normal
152.0,F249,1.0,DIANA MONTOYA,CENAGEM,panel Narod(BRCA2),Positiva p/BRCA2:c.1138delA( patogénica),1.0,0,40.0,2,0,sd,40.0,sd,CDI,sd,3.0,3,0,sd,1,sd,1,sd,1,3,1.0,sd,Positiva p/BRCA2:c.1138delA(,BRCA2,c.1138delA(,c.1138delA,BRCA2,BRCA2 c.1138delA,BRCA2,BRCA2,51070.0,VCV000051070.,NM_000059.4(BRCA2):c.1138del (p.Ser380fs),BRCA2_c.1138delA,P,"ClinGen: CA010912, dbSNP: 80359264",1,1138.0,alto,normal
154.0,F252P1,1.0,DIANA MONTOYA,CENAGEM,panel Narod(BRCA2),Positiva p/BRCA2:c.7857G>A( patogénica),1.0,1,59.0,1,0,sd,46.0,sd,CDI,sd,3.0,1,1,sd,1,sd,1,sd,1,1,0.0,sd,Positiva p/BRCA2:c.7857G>A(,BRCA2,c.7857G>A(,c.7857G>A,BRCA2,BRCA2 c.7857G>A,BRCA2,BRCA2,38122.0,VCV000038122.,NM_000059.4(BRCA2):c.7857G>A (p.Trp2619Ter),BRCA2_c.7857G>A,P,"ClinGen: CA025311, dbSNP: 80359011",0,7857.0,alto,normal
189.0,F295,1.0,30151,CENAGEM,BRCA1 (EXON 17),Positiva p/BRCA1:c.5027delT (patogénica),1.0,1,37.0,3,1,sd,37.0,sd,1,sd,2,1,0,sd,0,sd,1,sd,sd,1,sd,sd,Positiva p/BRCA1:c.5027delT,BRCA1,c.5027delT,c.5027delT,BRCA1,BRCA1 c.5027delT,BRCA1,BRCA1,55360.0,VCV000055360.,NM_007294.4(BRCA1):c.5040del (p.Thr1681fs),BRCA1_c.5027delT,P,"BIC: 5159&base_change=del T, ClinGen: CA003168, dbSNP: 80357673",0,5027.0,alto,bajo
190.0,F295,2.0,33258,CENAGEM,BRCA1 (EXON 17),Positiva p/BRCA1:c.5027delT (patogénica),1.0,1,,sd,0,sd,,sd,4,sd,2,2,1,sd,0,sd,1,sd,sd,2,sd,sd,Positiva p/BRCA1:c.5027delT,BRCA1,c.5027delT,c.5027delT,BRCA1,BRCA1 c.5027delT,BRCA1,BRCA1,55360.0,VCV000055360.,NM_007294.4(BRCA1):c.5040del (p.Thr1681fs),BRCA1_c.5027delT,P,"BIC: 5159&base_change=del T, ClinGen: CA003168, dbSNP: 80357673",0,5027.0,alto,bajo
191.0,F295,3.0,30151,CENAGEM,BRCA1 (EXON 17),Positiva p/BRCA1:c.5027delT (patogénica),1.0,1,29.0,0,0,sd,,sd,5,sd,1,2,0,sd,1,sd,0,sd,sd,2,sd,sd,Positiva p/BRCA1:c.5027delT,BRCA1,c.5027delT,c.5027delT,BRCA1,BRCA1 c.5027delT,BRCA1,BRCA1,55360.0,VCV000055360.,NM_007294.4(BRCA1):c.5040del (p.Thr1681fs),BRCA1_c.5027delT,P,"BIC: 5159&base_change=del T, ClinGen: CA003168, dbSNP: 80357673",1,5027.0,alto,bajo
266.0,F414,1.0,31919,CENAGEM,BRCA1,Positivo p/BRCA1:c.1912delG (patogénica),1.0,1,41.0,2,0,sd,29.0,sd,2,sd,3,2,0,sd,0,sd,0,sd,1,2,0.0,sd,Positivo p/BRCA1:c.1912delG,BRCA1,c.1912delG,c.1912delG,BRCA1,BRCA1 c.1912delG,BRCA1,BRCA1,54398.0,VCV000054398.,NM_007294.4(BRCA1):c.1912del (p.Glu638fs),BRCA1_c.1912delG,P,"BIC: 2031&base_change=del G, ClinGen: CA001254, dbSNP: 80357933",0,1912.0,alto,alto
267.0,F414,2.0,31919,CENAGEM,BRCA1,Positivo p/BRCA1:c.1912delG (patogénica),0,0/1,,CO,0,sd,45.0,sd,Adeno seroso,sd,2,2,0,sd,0,sd,0,sd,sd,3,sd,sd,Positivo p/BRCA1:c.1912delG,BRCA1,c.1912delG,c.1912delG,BRCA1,BRCA1 c.1912delG,BRCA1,BRCA1,54398.0,VCV000054398.,NM_007294.4(BRCA1):c.1912del (p.Glu638fs),BRCA1_c.1912delG,P,"BIC: 2031&base_change=del G, ClinGen: CA001254, dbSNP: 80357933",1,1912.0,alto,alto
269.0,F414,4.0,31919,CENAGEM,BRCA1,Positivo p/BRCA1:c.1912delG (patogénica),0,0/1,19.0,0,0,sd,,sd,1,sd,3,2,0,sd,0,sd,1,sd,sd,2,sd,sd,Positivo p/BRCA1:c.1912delG,BRCA1,c.1912delG,c.1912delG,BRCA1,BRCA1 c.1912delG,BRCA1,BRCA1,54398.0,VCV000054398.,NM_007294.4(BRCA1):c.1912del (p.Glu638fs),BRCA1_c.1912delG,P,"BIC: 2031&base_change=del G, ClinGen: CA001254, dbSNP: 80357933",1,1912.0,alto,alto
270.0,F414,5.0,31919,CENAGEM,BRCA1,Positivo p/BRCA1:c.1912delG (patogénica),0,0/1,17.0,0,1,sd,,sd,4,sd,3,3,0,sd,1,sd,1,sd,sd,2,sd,sd,Positivo p/BRCA1:c.1912delG,BRCA1,c.1912delG,c.1912delG,BRCA1,BRCA1 c.1912delG,BRCA1,BRCA1,54398.0,VCV000054398.,NM_007294.4(BRCA1):c.1912del (p.Glu638fs),BRCA1_c.1912delG,P,"BIC: 2031&base_change=del G, ClinGen: CA001254, dbSNP: 80357933",0,1912.0,alto,alto
302.0,F482,3.0,sd,Romina Flores,NGS,Positivo p/BRCA1:c.4117G>T(patogénica),1.0,1,31.0,0,0,sd,,sd,3,sd,1,2,1,sd,0,sd,1,sd,1,2,sd,sd,Positivo p/BRCA1:c.4117G>T(patogénica),BRCA1,c.4117G>T(patogénica),c.4117G>T,BRCA1,BRCA1 c.4117G>T,BRCA1,BRCA1,17674.0,VCV000017674.,NM_007294.4(BRCA1):c.4065_4068del (p.Asn1355fs),BRCA1_c.4117G>T,P,"BIC: 4184&base_change=del TCAA, ClinGen: CA026492, dbSNP: 80357508",1,4117.0,bajo,alto
303.0,F482,4.0,sd,Romina Flores,NGS,Positivo p/BRCA1:c.4117G>T(patogénica),1.0,1,54.0,0,0,sd,,sd,4,sd,2,1,0,sd,1,sd,1,sd,sd,3,sd,sd,Positivo p/BRCA1:c.4117G>T(patogénica),BRCA1,c.4117G>T(patogénica),c.4117G>T,BRCA1,BRCA1 c.4117G>T,BRCA1,BRCA1,17674.0,VCV000017674.,NM_007294.4(BRCA1):c.4065_4068del (p.Asn1355fs),BRCA1_c.4117G>T,P,"BIC: 4184&base_change=del TCAA, ClinGen: CA026492, dbSNP: 80357508",1,4117.0,bajo,alto
304.0,F482,5.0,sd,Romina Flores,NGS (BRCA1),Positivo p/BRCA1:c.4117G>T(patogénica),1.0,1,51.0,1,1,sd,44.0,50.0,2,2,2,3,1,0.0,0,0.0,1,0.0,1,3,sd,sd,Positivo p/BRCA1:c.4117G>T(patogénica),BRCA1,c.4117G>T(patogénica),c.4117G>T,BRCA1,BRCA1 c.4117G>T,BRCA1,BRCA1,17674.0,VCV000017674.,NM_007294.4(BRCA1):c.4065_4068del (p.Asn1355fs),BRCA1_c.4117G>T,P,"BIC: 4184&base_change=del TCAA, ClinGen: CA026492, dbSNP: 80357508",0,4117.0,bajo,alto
305.0,F483,1.0,32951,cenagem,BRCA1 Ex11,Positiva p/BRCA1:c.798_799delTT(patogénica),1.0,1,66.0,1,0,sd,64.0,sd,2,sd,1,3,0,sd,0,sd,1,sd,1,2,1.0,sd,Positiva p/BRCA1:c.798_799delTT(patogénica),BRCA1,c.798_799delTT(patogénica),c.798_799delTT,BRCA1,BRCA1 c.798_799delTT,BRCA1,BRCA1,37698.0,VCV000037698.,NM_007294.4(BRCA1):c.798_799del (p.Ser267fs),BRCA1_c.798_799delTT,P,"BIC: 916&base_change=del TT, BIC: 917&base_change=del TT, ClinGen: CA003881, dbSNP: 80357724",1,798.0,alto,alto
313.0,F486,1.0,sd,CEMIC,NGS(BRCA2),"Positiva p/BRCA2:c.5796_5797delTA(patogenica), p.His 1932_Asn1933GlnProfs, 6024delTA",1.0,0/1,56.0,ca colorrectal,1,sd,45.0,sd,5,sd,1,2,0,sd,1,sd,1,sd,sd,2,sd,sd,"Positiva p/BRCA2:c.5796_5797delTA(patogenica),",BRCA2,"c.5796_5797delTA(patogenica),",c.5796_5797delTA,BRCA2,BRCA2 c.5796_5797delTA,BRCA2,BRCA2,38242.0,VCV000038242.,NM_000059.4(BRCA2):c.9501+3A>T,BRCA2_c.5796_5797delTA,B,"ClinGen: CA026183, dbSNP: 61757642",0,5796.0,bajo,alto
359.0,F552,1.0,33715,CENAGEM,NGS(BRCA2),Positiva p/BRCA2:c.9257-1G>A(Patogenica),1.0,1,44.0,CO bilat,1,sd,38.0,sd,1,sd,2,3,0,sd,1,sd,0,sd,"1(padre con ca de pancreas, tias paternas ca ovario, ca pulmon, tio paterno ca estomago)",2,sd,sd,Positiva p/BRCA2:c.9257-1G>A(Patogenica),BRCA2,c.9257-1G>A(Patogenica),c.9257-1G>A,BRCA2,BRCA2 c.9257-1G>A,BRCA2,BRCA2,52792.0,VCV000052792.,NM_000059.4(BRCA2):c.9257-1G>A,BRCA2_c.9257-1G>A,PP,"ClinGen: CA026064, dbSNP: 81002889",0,9257.0,alto,normal
363.0,F567,1.0,sd,CENAGEM,NGS (EXON 11 BRCA2),Positiva p/BRCA2:c.2621_2622insG( patogenica),0,1,50.0,2,1,sd,40.0,sd,2,sd,2,3,1,sd,1,sd,1,sd,1,1,sd,sd,Positiva p/BRCA2:c.2621_2622insG(,BRCA2,c.2621_2622insG(,c.2621_2622insG,BRCA2,BRCA2 c.2621_2622insG,BRCA2,BRCA2,548363.0,VCV000548363.,NM_000059.4(BRCA2):c.2621_2622insG (p.Val875fs),BRCA2_c.2621_2622insG,P,dbSNP: 1555282757,0,2621.0,alto,normal
379.0,F600,1.0,34195,CENAGEM,NGS(BRCA1),Positiva p/BRCA1:c.427G>T (patogénica no judía) EXON 7,0,0/1,,CO,0,sd,38.0,sd,4,sd,3,1,0,sd,1,sd,1,sd,sd,3,sd,sd,Positiva p/BRCA1:c.427G>T,BRCA1,c.427G>T,c.427G>T,BRCA1,BRCA1 c.427G>T,BRCA1,BRCA1,37569.0,VCV000037569.,NM_007294.4(BRCA1):c.4117G>T (p.Glu1373Ter),BRCA1_c.427G>T,P,"ClinGen: CA002641, dbSNP: 80357259",1,427.0,alto,alto
sd,F1392(F600),3.0,34195,Graciela Mercado,"BRCA1:c.427G>A, exon 7 ",Positiva p/BRCA1:c.427G>T (patogénica no judía) EXON 7,0,1,,0,1,sd,,sd,4,sd,1,2,0,sd,0,sd,1,sd,"ca de mama, colon, ovario y mama",2,sd,sd,Positiva p/BRCA1:c.427G>T,BRCA1,c.427G>T,c.427G>T,BRCA1,BRCA1 c.427G>T,BRCA1,BRCA1,37569.0,VCV000037569.,NM_007294.4(BRCA1):c.4117G>T (p.Glu1373Ter),BRCA1_c.427G>T,P,"ClinGen: CA002641, dbSNP: 80357259",1,427.0,alto,alto
386.0,F608,1.0,sd,Luisina Bruno,NGS (BRCA2),Positiva p/BRCA2:c.3251_3254delGTCA,0,1,44.0,2,1,sd,43.0,sd,CDI tipo NOS,sd,2.0,1,1,sd,1,sd,0,sd,?,2,sd,sd,Positiva p/BRCA2:c.3251_3254delGTCA,BRCA2,c.3251_3254delGTCA,c.3251_3254delGTCA,BRCA2,BRCA2 c.3251_3254delGTCA,BRCA2,sd,sd,sd,sd,sd,VUS,sd,1,3251.0,,
428.0,F687,1.0,sd,CENAGEM,exón 11st BRCA2,Positiva p/BRCA2:c.5351_5352insA (c.5351dupA o 5579insA) (patogenica),0,1,73.0,2,0,sd,60.0,sd,4,sd,2.0,3,1,sd,0,sd,0,sd,1,1,sd,sd,Positiva p/BRCA2:c.5351_5352insA,BRCA2,c.5351_5352insA,c.5351_5352insA,BRCA2,BRCA2 c.5351_5352insA,BRCA2,sd,sd,sd,sd,sd,VUS,sd,0,5351.0,,
470.0,F761,1.0,sd,CENAGEM,exón 11 BRCA2,Positiva p/BRCA2:c.5351_5352insA (c.5351dupA o 5579insA) (patogenica),0,0/1,39.0,2,0,sd,38.0,sd,2,sd,3.0,1,0,sd,0,sd,0,sd,?,2,sd,sd,Positiva p/BRCA2:c.5351_5352insA,BRCA2,c.5351_5352insA,c.5351_5352insA,BRCA2,BRCA2 c.5351_5352insA,BRCA2,sd,sd,sd,sd,sd,VUS,sd,0,5351.0,,
471.0,F761,2.0,sd,CENAGEM,exón 11 BRCA2,Positiva p/BRCA2:c.5351_5352insA (c.5351dupA o 5579insA) (patogenica),0,0/1,36.0,0,1,sd,,sd,3,sd,2,3,1,sd,1,sd,0,sd,?,3,sd,sd,Positiva p/BRCA2:c.5351_5352insA,BRCA2,c.5351_5352insA,c.5351_5352insA,BRCA2,BRCA2 c.5351_5352insA,BRCA2,sd,sd,sd,sd,sd,VUS,sd,1,5351.0,,
478.0,F774,1.0,sd,Martínez Vazquez,exón 8 BRCA2,Positiva p/BRCA2:c.658_659delGT(patogénica),0,1,37.0,unilat,0,sd,35.0,sd,2,sd,3,3,1,sd,1,sd,0,sd,1,3,sd,sd,Positiva p/BRCA2:c.658_659delGT(patogénica),BRCA2,c.658_659delGT(patogénica),c.658_659delGT,BRCA2,BRCA2 c.658_659delGT,BRCA2,BRCA2,9342.0,VCV000009342.,NM_000059.4(BRCA2):c.658_659del (p.Val220fs),BRCA2_c.658_659delGT,P,"ClinGen: CA024188, dbSNP: 80359604",0,658.0,alto,normal
479.0,F774,2.0,sd,CENAGEM,exón 8 BRCA2,Positiva p/BRCA2:c.658_659delGT(patogénica),0,1,40.0,0,0,sd,,sd,5,sd,1,3,1,sd,0,sd,1,sd,1,3,sd,sd,Positiva p/BRCA2:c.658_659delGT(patogénica),BRCA2,c.658_659delGT(patogénica),c.658_659delGT,BRCA2,BRCA2 c.658_659delGT,BRCA2,BRCA2,9342.0,VCV000009342.,NM_000059.4(BRCA2):c.658_659del (p.Val220fs),BRCA2_c.658_659delGT,P,"ClinGen: CA024188, dbSNP: 80359604",0,658.0,alto,normal
482.0,F776,1.0,35199,CENAGEM,exón 11x BRCA2,Positiva p/BRCA2:c.6468_6469delTC + variante RAD51 c.730A>G (p.Ile244Val) (patogénica),0,1,,sd,1,sd,,sd,4,sd,3,2,1,sd,1,sd,1,sd,sd,3,sd,sd,Positiva p/BRCA2:c.6468_6469delTC,BRCA2,c.6468_6469delTC,c.6468_6469delTC,BRCA2,BRCA2 c.6468_6469delTC,BRCA2,BRCA2,5591.0,VCV000005591.,NM_007194.4(CHEK2):c.470T>C (p.Ile157Thr),BRCA2_c.6468_6469delTC,VUS,"ClinGen: CA117630, dbSNP: 17879961",0,6468.0,bajo,alto
483.0,F776,2.0,35199,CENAGEM,exón 11x BRCA2,Positiva p/BRCA2:c.6468_6469delTC(patogénica),0,1,45.0,0,0,sd,,sd,5,sd,1,2,0,sd,1,sd,1,sd,sd,3,sd,sd,Positiva p/BRCA2:c.6468_6469delTC(patogénica),BRCA2,c.6468_6469delTC(patogénica),c.6468_6469delTC,BRCA2,BRCA2 c.6468_6469delTC,BRCA2,BRCA2,5591.0,VCV000005591.,NM_007194.4(CHEK2):c.470T>C (p.Ile157Thr),BRCA2_c.6468_6469delTC,VUS,"ClinGen: CA117630, dbSNP: 17879961",1,6468.0,bajo,alto
485.0,F776,4.0,35199,CENAGEM,exón 11x BRCA2,Positiva p/BRCA2:c.6468_6469delTC(patogénica),0,1,28.0,0,1,sd,,sd,2,sd,3,2,1,sd,1,sd,1,sd,sd,1,sd,sd,Positiva p/BRCA2:c.6468_6469delTC(patogénica),BRCA2,c.6468_6469delTC(patogénica),c.6468_6469delTC,BRCA2,BRCA2 c.6468_6469delTC,BRCA2,BRCA2,5591.0,VCV000005591.,NM_007194.4(CHEK2):c.470T>C (p.Ile157Thr),BRCA2_c.6468_6469delTC,VUS,"ClinGen: CA117630, dbSNP: 17879961",0,6468.0,bajo,alto
487.0,F780,1.0,35220,CENAGEM,exón 23 BRCA2,Positiva p/BRCA2:c.9026_9030delATCAT(patogénica),0,1,61.0,1,"CM der 2001, CO 2007, CM izq 2015",sd,46.0,52.0,4,sd,1,2,1,sd,0,sd,1,sd,1,3,sd,sd,Positiva p/BRCA2:c.9026_9030delATCAT(patogénica),BRCA2,c.9026_9030delATCAT(patogénica),c.9026_9030delATCAT,BRCA2,BRCA2 c.9026_9030delATCAT,BRCA2,BRCA2,37636.0,VCV000037636.,NM_007294.4(BRCA1):c.5096G>A (p.Arg1699Gln),BRCA2_c.9026_9030delATCAT,P,"ClinGen: CA003235, dbSNP: 41293459",0,9026.0,alto,normal
491.0,F783,1.0,35208,CENAGEM,NGS (BRCA1 EXON 6),Positiva p/BRCA1:c.250G>T EXON 6(patogénica),0,0/1,40.0,2,0,sd,35.0,36.0,2,2,2.0,2,1,sd,1,sd,0,sd,?,1,sd,sd,Positiva p/BRCA1:c.250G>T,BRCA1,c.250G>T,c.250G>T,BRCA1,BRCA1 c.250G>T,BRCA1,BRCA1,54200.0,VCV000054200.,NM_007294.4(BRCA1):c.131G>T (p.Cys44Phe),BRCA1_c.250G>T,P,"ClinGen: CA000862, dbSNP: 80357446",1,250.0,alto,alto
492.0,F783,2.0,35208,CENAGEM,exón 6 BRCA1,Positiva p/BRCA1:c.250G>T EXON 6(patogénica),0,0/1,42.0,1,1,sd,29.0,41.0,2,2,1,3.0,1,0.0,1,0.0,1,0.0,?,3,sd,sd,Positiva p/BRCA1:c.250G>T,BRCA1,c.250G>T,c.250G>T,BRCA1,BRCA1 c.250G>T,BRCA1,BRCA1,54200.0,VCV000054200.,NM_007294.4(BRCA1):c.131G>T (p.Cys44Phe),BRCA1_c.250G>T,P,"ClinGen: CA000862, dbSNP: 80357446",0,250.0,alto,alto
496.0,F783,6.0,35208,CENAGEM,exón 6 BRCA1,Positiva p/BRCA1:c.250G>T EXON 6(patogénica),0,0/1,,sd,0,sd,,sd,1,sd,1,1,1,sd,1,sd,0,sd,sd,2,sd,sd,Positiva p/BRCA1:c.250G>T,BRCA1,c.250G>T,c.250G>T,BRCA1,BRCA1 c.250G>T,BRCA1,BRCA1,54200.0,VCV000054200.,NM_007294.4(BRCA1):c.131G>T (p.Cys44Phe),BRCA1_c.250G>T,P,"ClinGen: CA000862, dbSNP: 80357446",0,250.0,alto,alto
498.0,F785/F786,4.0,sd,Misiones,exón 5 BRCA1,Positiva p/BRCA1:c.181T>G (p.Cys61Gly)(Patogénica),0,1,51.0,0,1,sd,,sd,1,sd,3,1,0,sd,0,sd,1,sd,1,1,sd,sd,Positiva p/BRCA1:c.181T>G,BRCA1,c.181T>G,c.181T>G,BRCA1,BRCA1 c.181T>G,BRCA1,BRCA1,17661.0,VCV000017661.,NM_007294.4(BRCA1):c.181T>G (p.Cys61Gly),BRCA1_c.181T>G,P,"ClinGen: CA001182, dbSNP: 28897672",0,181.0,alto,alto
499.0,F786,1.0,sd,Misiones,NGS,Positiva p/BRCA1:c.181T>G (p.Cys61Gly)(Patogénica),0,1,26.0,1,0,sd,24.0,sd,1,sd,3,2,1,sd,1,sd,1,sd,sd,3,sd,sd,Positiva p/BRCA1:c.181T>G,BRCA1,c.181T>G,c.181T>G,BRCA1,BRCA1 c.181T>G,BRCA1,BRCA1,17661.0,VCV000017661.,NM_007294.4(BRCA1):c.181T>G (p.Cys61Gly),BRCA1_c.181T>G,P,"ClinGen: CA001182, dbSNP: 28897672",1,181.0,alto,alto
500.0,F786,2.0,sd,Misiones,exón 5 BRCA1,Positiva p/BRCA1:c.181T>G (p.Cys61Gly)(Patogénica),0,1,29.0,0,0,sd,,sd,3,sd,3,3,1,sd,1,sd,1,sd,1,3,sd,sd,Positiva p/BRCA1:c.181T>G,BRCA1,c.181T>G,c.181T>G,BRCA1,BRCA1 c.181T>G,BRCA1,BRCA1,17661.0,VCV000017661.,NM_007294.4(BRCA1):c.181T>G (p.Cys61Gly),BRCA1_c.181T>G,P,"ClinGen: CA001182, dbSNP: 28897672",1,181.0,alto,alto
502.0,F787,1.0,sd,Misiones,NGS(BRCA1),Positiva p/BRCA1:c.5116G>C (p.Gly1706Arg) EXON 18,0,0/1,57.0,3,1,sd,48.0,sd,3,sd,1,2,0,sd,1,sd,0,sd,1,3,sd,sd,Positiva p/BRCA1:c.5116G>C,BRCA1,c.5116G>C,c.5116G>C,BRCA1,BRCA1 c.5116G>C,BRCA1,BRCA1,55531.0,VCV000055531.,NM_007294.4(BRCA1):c.5332G>C (p.Asp1778His),BRCA1_c.5116G>C,VUS,"ClinGen: CA003492, dbSNP: 80357112",1,5116.0,alto,bajo
507.0,F793,1.0,35296,CENAGEM,exón 11G BRCA1,Positiva p/BRCA1:c.3758_3759delCT(patogénica),0,0,42.0,1,0,sd,42.0,sd,2,sd,2,3,0,sd,0,sd,0,sd,1,2,sd,sd,Positiva p/BRCA1:c.3758_3759delCT(patogénica),BRCA1,c.3758_3759delCT(patogénica),c.3758_3759delCT,BRCA1,BRCA1 c.3758_3759delCT,BRCA1,BRCA1,548311.0,VCV000548311.,NM_007294.4(BRCA1):c.3758_3759del (p.Leu1252_Ser1253insTer),BRCA1_c.3758_3759delCT,P,dbSNP: 1555587135,0,3758.0,bajo,alto
509.0,F793,3.0,35296,CENAGEM,exón 11G BRCA1,Positiva p/BRCA1:c.3758_3759delCT(patogénica),0,0,40.0,CO,0,sd,40.0,sd,6,sd,3,3,1,sd,0,sd,0,sd,1,1,sd,sd,Positiva p/BRCA1:c.3758_3759delCT(patogénica),BRCA1,c.3758_3759delCT(patogénica),c.3758_3759delCT,BRCA1,BRCA1 c.3758_3759delCT,BRCA1,BRCA1,548311.0,VCV000548311.,NM_007294.4(BRCA1):c.3758_3759del (p.Leu1252_Ser1253insTer),BRCA1_c.3758_3759delCT,P,dbSNP: 1555587135,0,3758.0,bajo,alto
510.0,F793,4.0,35296,CENAGEM,exón 11G BRCA1,Positiva p/BRCA1:c.3758_3759delCT(patogénica),0,0,38.0,0,1,sd,,sd,6,sd,3,2,1,sd,1,sd,0,sd,1,2,sd,sd,Positiva p/BRCA1:c.3758_3759delCT(patogénica),BRCA1,c.3758_3759delCT(patogénica),c.3758_3759delCT,BRCA1,BRCA1 c.3758_3759delCT,BRCA1,BRCA1,548311.0,VCV000548311.,NM_007294.4(BRCA1):c.3758_3759del (p.Leu1252_Ser1253insTer),BRCA1_c.3758_3759delCT,P,dbSNP: 1555587135,1,3758.0,bajo,alto
513.0,F795,1.0,sd,CEG,madre con mut en BRCA2,Positiva p/BRCA2:c.2808_2811delACAA(Patogénica),0,0/1,,sd,0,sd,,sd,1,sd,1,2,1,sd,1,sd,0,sd,1,3,sd,sd,Positiva p/BRCA2:c.2808_2811delACAA(Patogénica),BRCA2,c.2808_2811delACAA(Patogénica),c.2808_2811delACAA,BRCA2,BRCA2 c.2808_2811delACAA,BRCA2,BRCA2,9322.0,VCV000009322.,NM_000059.3(BRCA2):c.2808_2811del (p.Ala938Profs),BRCA2_c.2808_2811delACAA,P,"ClinGen: CA016424, dbSNP: 80359351",0,2808.0,alto,normal
558.0,F896,1.0,sd,CENAGEM,panel 16 genes/MLPA,Positiva p/BRCA2:c.7180A>T (Patogénica)/MLPA neg,0,0/1,34.0,1,1,sd,34.0,sd,ca invasor no específico,sd,3,2,0,sd,0,sd,0,sd,0,1,sd,sd,Positiva p/BRCA2:c.7180A>T,BRCA2,c.7180A>T,c.7180A>T,BRCA2,BRCA2 c.7180A>T,BRCA2,BRCA2,38082.0,VCV000038082.,NM_000059.4(BRCA2):c.7069_7070del (p.Leu2357fs),BRCA2_c.7180A>T,P,"ClinGen: CA024835, dbSNP: 80359636",0,7180.0,alto,normal
560.0,F898,1.0,sd,Lina Núñez,exón 11y BRCA2,Positiva p/BRCA2:c.6596delC (patogénica),0,1,32.0,3,0,1.0,31.0,31.0,4,sd,3,2,1,sd,1,sd,0,sd,1,1,sd,sd,Positiva p/BRCA2:c.6596delC,BRCA2,c.6596delC,c.6596delC,BRCA2,BRCA2 c.6596delC,BRCA2,BRCA2,229950.0,VCV000229950.,NM_000059.4(BRCA2):c.6596del (p.Thr2199fs),BRCA2_c.6596delC,P,"ClinGen: CA10579704, dbSNP: 876658294",0,6596.0,bajo,alto
561.0,F899,1.0,35755,CENAGEM,exón 13 BRCA1,Positiva p/BRCA1:c.4262A>G (Patogénica),0,0/1,48.0,0,1,sd,,sd,5,sd,1,3,0,sd,0,sd,1,sd,1,1,sd,sd,Positiva p/BRCA1:c.4262A>G,BRCA1,c.4262A>G,c.4262A>G,BRCA1,BRCA1 c.4262A>G,BRCA1,BRCA1,55157.0,VCV000055157.,NM_007294.4(BRCA1):c.4262A>G (p.His1421Arg),BRCA1_c.4262A>G,VUS,"ClinGen: CA002740, dbSNP: 80357079",1,4262.0,alto,bajo
578.0,F939,1.0,no esta,Celia gomez,panel 16 genes,Positiva p/BRCA1:C.1175_1214del(patogénica),0,0,20.0,0,1,sd,,sd,1,sd,2,3,0,sd,0,sd,1,sd,"madre con CO, abuela materna con CM bilateral, abuelo paterno ca pancreas",2,sd,sd,Positiva p/BRCA1:C.1175_1214del(patogénica),BRCA1,C.1175_1214del(patogénica),C.1175_1214del,BRCA1,BRCA1 C.1175_1214del,BRCA1,sd,sd,sd,sd,sd,VUS,sd,1,1175.0,,
579.0,F940,1.0,sd,Avendaño,panel 16 genes, Positiva p/BRCA2:c.8953+1G>A (patogénca),0,0,37.0,2,0,sd,36.0,sd,carcinoma invasor no específico NOS,sd,2.0,3,1,sd,1,sd,0,sd,1,1,sd,sd,Positiva p/BRCA2:c.8953+1G>A,BRCA2,c.8953+1G>A,c.8953+1G>A,BRCA2,BRCA2 c.8953+1G>A,BRCA2,BRCA2,52709.0,VCV000052709.,NM_000059.4(BRCA2):c.8953+1G>A,BRCA2_c.8953+1G>A,PP,"ClinGen: CA025889, dbSNP: 81002882",0,8953.0,alto,normal
582.0,F950 (F963),2.0,sd,Misiones,exón 11cd BRCA2,Positiva p/BRCA2:c.2564_2565delCA(Patogenica),0,1,65.0,0,1,sd,,sd,6,sd,2,2,1,sd,1,sd,1,sd,sd,2,sd,sd,Positiva p/BRCA2:c.2564_2565delCA(Patogenica),BRCA2,c.2564_2565delCA(Patogenica),c.2564_2565delCA,BRCA2,BRCA2 c.2564_2565delCA,BRCA2,BRCA2,37786.0,VCV000037786.,NM_000059.4(BRCA2):c.2426T>G (p.Leu809Ter),BRCA2_c.2564_2565delCA,P,"ClinGen: CA015222, dbSNP: 397507285",0,2564.0,alto,normal
585.0,F953,1.0,sd,Luisina Bruno,exón 11c BRCA1,Positiva p/BRCA1:c.2374_2398dup,0,1,40.0,1,1,sd,39.0,sd,2,sd,2,3,0,sd,0,sd,0,sd,1,3,sd,sd,Positiva p/BRCA1:c.2374_2398dup,BRCA1,c.2374_2398dup,c.2374_2398dup,BRCA1,BRCA1 c.2374_2398dup,BRCA1,sd,sd,sd,sd,sd,VUS,sd,0,2374.0,,
593.0,F962 (F952),1.0,sd,"Cayetti Carolina, Trinidad Mitre",exón 20 BRCA1,Positiva p/BRCA1:c.5382insC,0,0/1,,sd,0,sd,,sd,3,sd,1,3,0,sd,1,sd,1,sd,sd,3,sd,sd,Positiva p/BRCA1:c.5382insC,BRCA1,c.5382insC,c.5382insC,BRCA1,BRCA1 c.5382insC,BRCA1,BRCA1,17677.0,VCV000017677.,NM_007294.4(BRCA1):c.5266dup (p.Gln1756fs),BRCA1_c.5382insC,P,"BIC: 5382&base_change=ins C, ClinGen: CA003404, dbSNP: 80357906",0,5382.0,alto,bajo
594.0,F963,1.0,sd,Misiones,exón 11cd BRCA2,Positiva p/BRCA2:c.2564_2565delCA,0,1,44.0,2,0,sd,43.0,sd,2,sd,1,1,0,sd,0,sd,0,sd,hna ca endometrio,3,sd,sd,Positiva p/BRCA2:c.2564_2565delCA,BRCA2,c.2564_2565delCA,c.2564_2565delCA,BRCA2,BRCA2 c.2564_2565delCA,BRCA2,BRCA2,37786.0,VCV000037786.,NM_000059.4(BRCA2):c.2426T>G (p.Leu809Ter),BRCA2_c.2564_2565delCA,P,"ClinGen: CA015222, dbSNP: 397507285",1,2564.0,alto,normal
606.0,F996,1.0,sd,Dolores Mansilla,BRCA2,Positiva p/BRCA2:c.5351_5352insA (c.5351dupA o 5579insA) ,0,0/1,,CO bilat,0,sd,66.0,sd,6,sd,3,1,0,sd,0,sd,0,sd,?,2,sd,sd,Positiva p/BRCA2:c.5351_5352insA,BRCA2,c.5351_5352insA,c.5351_5352insA,BRCA2,BRCA2 c.5351_5352insA,BRCA2,sd,sd,sd,sd,sd,VUS,sd,1,5351.0,,
611.0,F999,1.0,no hay sangre,CENAGEM,exón 11 BRCA1,Positiva p/BRCA1:c.2487delT,0,1,,CO unil izq,0,sd,48.0,sd,seroso papilar,sd,3,2,0,sd,1,sd,0,sd,?,3,sd,sd,Positiva p/BRCA1:c.2487delT,BRCA1,c.2487delT,c.2487delT,BRCA1,BRCA1 c.2487delT,BRCA1,BRCA1,54584.0,VCV000054584.,NM_007294.4(BRCA1):c.2487del (p.Phe829fs),BRCA1_c.2487delT,P,"BIC: 2606&base_change=del T, ClinGen: CA001657, dbSNP: 80357658",1,2487.0,bajo,alto
614.0,F999 (1216),4.0,sd,CENAGEM,exón 11 BRCA1,Positiva p/BRCA1:c.2487delT,0,0/1,,sd,0,sd,,sd,1,sd,1,3,1,sd,1,sd,0,sd,sd,3,sd,sd,Positiva p/BRCA1:c.2487delT,BRCA1,c.2487delT,c.2487delT,BRCA1,BRCA1 c.2487delT,BRCA1,BRCA1,54584.0,VCV000054584.,NM_007294.4(BRCA1):c.2487del (p.Phe829fs),BRCA1_c.2487delT,P,"BIC: 2606&base_change=del T, ClinGen: CA001657, dbSNP: 80357658",0,2487.0,bajo,alto
620.0,F1005,1.0,35671,CENAGEM,exón 21 BRCA1,Positiva p/BRCA1:c.5319dupC,0,0/1,42.0,1,0,sd,40.0,sd,2,sd,3.0,2,0,sd,0,sd,0,sd,1,2,sd,sd,Positiva p/BRCA1:c.5319dupC,BRCA1,c.5319dupC,c.5319dupC,BRCA1,BRCA1 c.5319dupC,BRCA1,BRCA1,55523.0,VCV000055523.,NM_007294.4(BRCA1):c.5319dup (p.Asn1774fs),BRCA1_c.5319dupC,P,"BIC: 5438&base_change=ins C, ClinGen: CA003472, dbSNP: 80357823",0,5319.0,alto,bajo
622.0,F1005,3.0,35671,CENAGEM,exón 21 BRCA1,Positiva p/BRCA1:c.5319dupC,0,0/1,27.0,0,1,sd,,sd,1,sd,2,1,0,sd,0,sd,0,sd,sd,1,sd,sd,Positiva p/BRCA1:c.5319dupC,BRCA1,c.5319dupC,c.5319dupC,BRCA1,BRCA1 c.5319dupC,BRCA1,BRCA1,55523.0,VCV000055523.,NM_007294.4(BRCA1):c.5319dup (p.Asn1774fs),BRCA1_c.5319dupC,P,"BIC: 5438&base_change=ins C, ClinGen: CA003472, dbSNP: 80357823",1,5319.0,alto,bajo
624.0,F1005,4.0,35671,CENAGEM,exón 21 BRCA1,Positiva p/BRCA1:c.5319dupC,0,0/1,57.0,0,0,sd,,sd,2,sd,2,1,1,sd,1,sd,0,sd,sd,2,sd,sd,Positiva p/BRCA1:c.5319dupC,BRCA1,c.5319dupC,c.5319dupC,BRCA1,BRCA1 c.5319dupC,BRCA1,BRCA1,55523.0,VCV000055523.,NM_007294.4(BRCA1):c.5319dup (p.Asn1774fs),BRCA1_c.5319dupC,P,"BIC: 5438&base_change=ins C, ClinGen: CA003472, dbSNP: 80357823",1,5319.0,alto,bajo
633.0,F1078,1.0,sd,Dolores Mansilla,panel afuera,Positiva p/BRCA1:c.5030_5033delCTAA exón 17(p.Thr1677Ilefs),0,0/1,,3,0,sd,29.0,sd,4,sd,2,3,1,sd,0,sd,0,sd,1,2,sd,sd,Positiva p/BRCA1:c.5030_5033delCTAA,BRCA1,c.5030_5033delCTAA,c.5030_5033delCTAA,BRCA1,BRCA1 c.5030_5033delCTAA,BRCA1,BRCA1,37623.0,VCV000037623.,NM_007294.4(BRCA1):c.5030_5033del (p.Thr1677fs),BRCA1_c.5030_5033delCTAA,P,"BIC: 5146&base_change=del TAAC, BIC: 5147&base_change=del AACT, BIC: 5149&base_change=del CTAA, ClinGen: CA003158, dbSNP: 80357580",1,5030.0,alto,bajo
639.0,F1104 (763),sd,sd,Victoria Cólica,exón 25 BRCA2,Positiva p/BRCA2:c.9381G>A,0,italianos,22.0,0,1,sd,,sd,6,sd,3,2,1,sd,0,sd,0,sd,sd,1,sd,sd,Positiva p/BRCA2:c.9381G>A,BRCA2,c.9381G>A,c.9381G>A,BRCA2,BRCA2 c.9381G>A,BRCA2,BRCA2,234828.0,VCV000234828.,NM_000059.4(BRCA2):c.9381G>A (p.Trp3127Ter),BRCA2_c.9381G>A,P,"dbSNP: 876661242, ClinGen: CA10577497",0,9381.0,alto,normal
644.0,F1131,1.0,sd,Victoria Cólica,exón 15 BRCA1,Positiva p/BRCA1:c.4736_4739delCTTC (p.Pro1579LeufsTer21) exon 15 ,0,0/1,,CO,0,sd,48.0,sd,4,sd,1,1,1,sd,0,sd,1,sd,1,3,sd,sd,Positiva p/BRCA1:c.4736_4739delCTTC,BRCA1,c.4736_4739delCTTC,c.4736_4739delCTTC,BRCA1,BRCA1 c.4736_4739delCTTC,BRCA1,BRCA1,491087.0,VCV000491087.,NM_007294.4(BRCA1):c.4736_4739del (p.Pro1579fs),BRCA1_c.4736_4739delCTTC,P,"ClinGen: CA658684116, dbSNP: 1555581017",1,4736.0,alto,bajo
667.0,F1172,1.0,sd,Luciana Gentile/Angela Gómez,mut c.3918delT ,Positiva p/BRCA2:c.3918delT ,1.0,1,45.0,2,0,sd,39.0,sd,1,sd,3.0,3,1,sd,1,sd,1,sd,1,3,sd,sd,Positiva p/BRCA2:c.3918delT,BRCA2,c.3918delT,c.3918delT,BRCA2,BRCA2 c.3918delT,BRCA2,sd,sd,sd,sd,sd,VUS,sd,0,3918.0,,
679.0,F1189,1.0,sd,Misiones, c.4183C>T BRCA1,Positiva p/BRCA1:c.4183C>T ,0,0/1,,sd,1,sd,,sd,4,sd,1,1,0,sd,1,sd,1,sd,sd,3,sd,sd,Positiva p/BRCA1:c.4183C>T,BRCA1,c.4183C>T,c.4183C>T,BRCA1,BRCA1 c.4183C>T,BRCA1,BRCA1,17675.0,VCV000017675.,NM_007294.4(BRCA1):c.4327C>T (p.Arg1443Ter),BRCA1_c.4183C>T,P,"ClinGen: CA002769, dbSNP: 41293455",1,4183.0,bajo,alto
681.0,F1189 (1190),3.0,sd,Misiones, BRCA1: c.4183C>T ,Positiva p/BRCA1:c.4183C>T ,0,0/1,,sd,1,sd,,sd,1,sd,1,1,0,sd,0,sd,0,sd,sd,1,sd,sd,Positiva p/BRCA1:c.4183C>T,BRCA1,c.4183C>T,c.4183C>T,BRCA1,BRCA1 c.4183C>T,BRCA1,BRCA1,17675.0,VCV000017675.,NM_007294.4(BRCA1):c.4327C>T (p.Arg1443Ter),BRCA1_c.4183C>T,P,"ClinGen: CA002769, dbSNP: 41293455",0,4183.0,bajo,alto
682.0,F1191,1.0,sd,CENAGEM,BRCA1:c.4964_4982del ,Positiva p/BRCA1:c.4964_4982del ,0,0/1,,sd,0,sd,,sd,4,sd,1,2,1,sd,1,sd,0,sd,sd,3,sd,sd,Positiva p/BRCA1:c.4964_4982del,BRCA1,c.4964_4982del,c.4964_4982del,BRCA1,BRCA1 c.4964_4982del,BRCA1,BRCA1,37616.0,VCV000037616.,NM_007294.4(BRCA1):c.4964_4982del (p.Ser1655fs),BRCA1_c.4964_4982del,P,"BIC: 5083&base_change=del 19, ClinGen: CA003108, dbSNP: 80359876",1,4964.0,alto,bajo
685.0,F1194,1.0,sd,CENAGEM,Secuenciación BRCA1/2,Positiva p/BRCA1:c.1480C>T ,0,0/1,,CO,0,sd,60.0,sd,1,sd,1,3,0,sd,0,sd,1,sd,1,1,sd,sd,Positiva p/BRCA1:c.1480C>T,BRCA1,c.1480C>T,c.1480C>T,BRCA1,BRCA1 c.1480C>T,BRCA1,BRCA1,37409.0,VCV000037409.,NM_007294.4(BRCA1):c.1389_1390delinsG (p.Thr464fs),BRCA1_c.1480C>T,P,"BIC: 1508&base_change=del AA ins G, ClinGen: CA000927, dbSNP: 273897659",1,1480.0,alto,alto
687.0,F1194,3.0,sd,CENAGEM,Secuenciación BRCA1/2,Positiva p/BRCA1:c.1480C>T ,0,0,37.0,0 (quiste benigno en ovario),1,sd,,sd,6,sd,2,3,1,sd,0,sd,0,sd,1,2,sd,sd,Positiva p/BRCA1:c.1480C>T,BRCA1,c.1480C>T,c.1480C>T,BRCA1,BRCA1 c.1480C>T,BRCA1,BRCA1,37409.0,VCV000037409.,NM_007294.4(BRCA1):c.1389_1390delinsG (p.Thr464fs),BRCA1_c.1480C>T,P,"BIC: 1508&base_change=del AA ins G, ClinGen: CA000927, dbSNP: 273897659",0,1480.0,alto,alto
688.0,F1195,1.0,sd,CENAGEM,Secuenciación BRCA1/2,Positiva p/BRCA1:c.1504_1507delTTAA ,1.0,0,50.0,CO unil,0,sd,46.0,sd,3,sd,3,2,1,sd,0,sd,0,sd,sd,1,sd,sd,Positiva p/BRCA1:c.1504_1507delTTAA,BRCA1,c.1504_1507delTTAA,c.1504_1507delTTAA,BRCA1,BRCA1 c.1504_1507delTTAA,BRCA1,BRCA1,266170.0,VCV000266170.,NM_007294.4(BRCA1):c.1504_1507del (p.Leu502fs),BRCA1_c.1504_1507delTTAA,P,"ClinGen: CA10589934, dbSNP: 886039955",0,1504.0,alto,alto
689.0,F1195,2.0,sd,Soledad Andersen,mut c.1504_1507delTTAA BRCA1,Positiva p/BRCA1:c.1504_1507delTTAA ,0,0,28.0,0,1,sd,,sd,2,sd,3,2,0,sd,1,sd,1,sd,sd,1,sd,sd,Positiva p/BRCA1:c.1504_1507delTTAA,BRCA1,c.1504_1507delTTAA,c.1504_1507delTTAA,BRCA1,BRCA1 c.1504_1507delTTAA,BRCA1,BRCA1,266170.0,VCV000266170.,NM_007294.4(BRCA1):c.1504_1507del (p.Leu502fs),BRCA1_c.1504_1507delTTAA,P,"ClinGen: CA10589934, dbSNP: 886039955",0,1504.0,alto,alto
690.0,F1197,1.0,36870,CENAGEM,mut c.6024dupG BRCA2,Positiva p/BRCA2:c.6024dupG ,1.0,1,37.0,0,0,sd,,sd,6,sd,1,2,0,sd,0,sd,0,sd,1,3,sd,sd,Positiva p/BRCA2:c.6024dupG,BRCA2,c.6024dupG,c.6024dupG,BRCA2,BRCA2 c.6024dupG,BRCA2,BRCA2,38015.0,VCV000038015.,NM_000059.4(BRCA2):c.6024dup (p.Gln2009fs),BRCA2_c.6024dupG,P,"ClinGen: CA023532, dbSNP: 80359554",0,6024.0,bajo,alto
691.0,F1197 (1205),2.0,36870,CENAGEM,mut c.6024dupG BRCA2,Positiva p/BRCA2:c.6024dupG,1.0,1,65.0,2,0,sd,64.0,sd,5,sd,2,1,1,sd,0,sd,1,sd,0,1,sd,sd,Positiva p/BRCA2:c.6024dupG,BRCA2,c.6024dupG,c.6024dupG,BRCA2,BRCA2 c.6024dupG,BRCA2,BRCA2,38015.0,VCV000038015.,NM_000059.4(BRCA2):c.6024dup (p.Gln2009fs),BRCA2_c.6024dupG,P,"ClinGen: CA023532, dbSNP: 80359554",0,6024.0,bajo,alto
695.0,F1204,1.0,sd,Cecilia Martín,Secuenciación BRCA1/2,Positiva p/BRCA2:c.6037A>T ,1.0,1,49.0,2,1,sd,48.0,sd,2,sd,3.0,3,1,sd,1,sd,0,sd,1,3,sd,sd,Positiva p/BRCA2:c.6037A>T,BRCA2,c.6037A>T,c.6037A>T,BRCA2,BRCA2 c.6037A>T,BRCA2,BRCA2,37429.0,VCV000037429.,NM_007294.4(BRCA1):c.1826A>G (p.Asn609Ser),BRCA2_c.6037A>T,VUS,"ClinGen: CA001189, dbSNP: 80357236",1,6037.0,bajo,alto
730.0,F1247,1.0,37286,CENAGEM,MLPA,"MLPA neg, Genos/ Positiva p/BRCA2:c.8754+4 A>G ",0,1,52.0,2,1,sd,29.0,sd,cuadrancectomia mama izq,sd,2,1,0,sd,1,sd,0,sd,"mdre ca gastrico, abuela materna ca mama, tias maternas ca mama y pulmon",1,sd,sd,Positiva p/BRCA2:c.8754+4,BRCA2,c.8754+4,c.8754+4,BRCA2,BRCA2 c.8754+4,BRCA2,sd,sd,sd,sd,sd,VUS,sd,0,8754.0,,
738.0,F1261,1.0,37237,CENAGEM,BRCA1 c.5278-1G>T,Positiva p/BRCA1:c.5278-1G>T,0,1,38.0,0,1,sd,38.0,sd,5,sd,1,2,0,sd,1,sd,0,sd,1,1,sd,sd,Positiva p/BRCA1:c.5278-1G>T,BRCA1,c.5278-1G>T,c.5278-1G>T,BRCA1,BRCA1 c.5278-1G>T,BRCA1,BRCA1,55502.0,VCV000055502.,NM_007294.4(BRCA1):c.5278-1G>T,BRCA1_c.5278-1G>T,P,"BIC: 5397-1&base_change=G to T, ClinGen: CA003436, dbSNP: 80358099",0,5278.0,alto,bajo
745.0,F1268,1.0,sd,CENAGEM,mut familiar,Positiva p/BRCA2:c.8987T>A ,0,0/1,,sd,0,sd,,sd,2,sd,3,2,0,sd,1,sd,0,sd,sd,3,sd,sd,Positiva p/BRCA2:c.8987T>A,BRCA2,c.8987T>A,c.8987T>A,BRCA2,BRCA2 c.8987T>A,BRCA2,BRCA2,219665.0,VCV000219665.,NM_000059.4(BRCA2):c.8987T>A (p.Leu2996Ter),BRCA2_c.8987T>A,P,"ClinGen: CA348592, dbSNP: 864622200",0,8987.0,alto,normal
746.0,F1268,2.0,sd,CENAGEM,mut familiar,Positiva p/BRCA2:c.8987T>A ,0,0/1,,sd,0,sd,,sd,5,sd,3,3,1,sd,1,sd,1,sd,sd,1,sd,sd,Positiva p/BRCA2:c.8987T>A,BRCA2,c.8987T>A,c.8987T>A,BRCA2,BRCA2 c.8987T>A,BRCA2,BRCA2,219665.0,VCV000219665.,NM_000059.4(BRCA2):c.8987T>A (p.Leu2996Ter),BRCA2_c.8987T>A,P,"ClinGen: CA348592, dbSNP: 864622200",0,8987.0,alto,normal
748.0,F1268,4.0,sd,CENAGEM,mut familiar,Positiva p/BRCA2:c.8987T>A ,0,0/1,,sd,0,sd,,sd,4,sd,1,1,0,sd,1,sd,1,sd,sd,3,sd,sd,Positiva p/BRCA2:c.8987T>A,BRCA2,c.8987T>A,c.8987T>A,BRCA2,BRCA2 c.8987T>A,BRCA2,BRCA2,219665.0,VCV000219665.,NM_000059.4(BRCA2):c.8987T>A (p.Leu2996Ter),BRCA2_c.8987T>A,P,"ClinGen: CA348592, dbSNP: 864622200",0,8987.0,alto,normal
sd,F1278,1.0,37502,cenagem, c.5763del en exon 11 BRCA2,Positiva p/BRCA2:c.5763del,0,1,53.0,1,1,sd,36.0,39.0,CM,CO,3,2,1,sd,0,sd,0,sd,sd,1,sd,sd,Positiva p/BRCA2:c.5763del,BRCA2,c.5763del,c.5763del,BRCA2,BRCA2 c.5763del,BRCA2,BRCA2,185292.0,VCV000185292.,NM_000059.4(BRCA2):c.5763del (p.Phe1921fs),BRCA2_c.5763del,P,"ClinGen: CA023173, dbSNP: 80359534",1,5763.0,bajo,alto
sd,F1292,1.0,37668,cenagem,BRCA1:c.3228_3229del,Positiva p/BRCA1:c.3228_3229del,0,1,41.0,1,0,sd,34.0,sd,CMI,sd,3,3,0,sd,0,sd,0,sd,1,1,sd,sd,Positiva p/BRCA1:c.3228_3229del,BRCA1,c.3228_3229del,c.3228_3229del,BRCA1,BRCA1 c.3228_3229del,BRCA1,BRCA1,37516.0,VCV000037516.,NM_007294.4(BRCA1):c.3228_3229del (p.Gly1077fs),BRCA1_c.3228_3229del,P,"BIC: 3347&base_change=del AG, ClinGen: CA002091, dbSNP: 80357635",0,3228.0,bajo,alto
sd,F1292,2.0,37668,no se estudio aca,BRCA1:c.3228_3229del,Positiva p/BRCA1:c.3228_3229del,0,1,64.0,0,0,sd,,sd,6,sd,1,1,1,sd,1,sd,1,sd,"1(2 hanas, una con CM, otra con CO, 3 hnois, ca de hueso, garganta y testiculo)",1,sd,sd,Positiva p/BRCA1:c.3228_3229del,BRCA1,c.3228_3229del,c.3228_3229del,BRCA1,BRCA1 c.3228_3229del,BRCA1,BRCA1,37516.0,VCV000037516.,NM_007294.4(BRCA1):c.3228_3229del (p.Gly1077fs),BRCA1_c.3228_3229del,P,"BIC: 3347&base_change=del AG, ClinGen: CA002091, dbSNP: 80357635",0,3228.0,bajo,alto
800.0,F1336,1.0,37981,Mercado/Cólica,c.4392del BRCA1 (exón 14),Positiva p/BRCA1:c.4392delT (p.Ile1465Ter) ,0,0/1,,sd,0,sd,,sd,2,sd,2,1,0,sd,1,sd,0,sd,sd,2,sd,sd,Positiva p/BRCA1:c.4392delT,BRCA1,c.4392delT,c.4392delT,BRCA1,BRCA1 c.4392delT,BRCA1,BRCA1,418999.0,VCV000418999.,NM_007294.4(BRCA1):c.4392del (p.Pro1464_Ile1465insTer),BRCA1_c.4392delT,P,"ClinGen: CA16620425, dbSNP: 1064793577",0,4392.0,alto,bajo
808.0,F1346,1.0,37969,Mercado/Cólica,c.6600_6601delTT BRCA2 (exón 11y),Positiva p/BRCA2:c.6600_6601delTT (p.Ser2201Ter) ,0,0/1,,sd,1,sd,,sd,6,sd,3,1,1,sd,1,sd,1,sd,sd,3,sd,sd,Positiva p/BRCA2:c.6600_6601delTT,BRCA2,c.6600_6601delTT,c.6600_6601delTT,BRCA2,BRCA2 c.6600_6601delTT,BRCA2,BRCA2,52122.0,VCV000052122.,NM_000059.4(BRCA2):c.6531_6534del (p.Ile2177fs),BRCA2_c.6600_6601delTT,P,"ClinGen: CA024136, dbSNP: 397507865",1,6600.0,bajo,alto
sd,F1336,1.0,37981,no se estudio aca,BRCA1:c.4392del,Positiva p/BRCA1:c.4392del,0,1,70.0,1,1,sd,,sd,2,sd,1,1,1,sd,0,sd,1,sd,"2 hnas con CM, y una hna con CO",2,sd,sd,Positiva p/BRCA1:c.4392del,BRCA1,c.4392del,c.4392del,BRCA1,BRCA1 c.4392del,BRCA1,BRCA1,418999.0,VCV000418999.,NM_007294.4(BRCA1):c.4392del (p.Pro1464_Ile1465insTer),BRCA1_c.4392del,P,"ClinGen: CA16620425, dbSNP: 1064793577",0,4392.0,alto,bajo
819.0,F1366,1.0,38334,Mercado,BRCA1:c.798_799del,Positiva p/BRCA1:c.798_799del,0,0/1,,1,1,sd,,sd,3,sd,3,2,1,sd,1,sd,1,sd,"tia paterna CM, abuela materna CM",3,sd,sd,Positiva p/BRCA1:c.798_799del,BRCA1,c.798_799del,c.798_799del,BRCA1,BRCA1 c.798_799del,BRCA1,BRCA1,37698.0,VCV000037698.,NM_007294.4(BRCA1):c.798_799del (p.Ser267fs),BRCA1_c.798_799del,P,"BIC: 916&base_change=del TT, BIC: 917&base_change=del TT, ClinGen: CA003881, dbSNP: 80357724",0,798.0,alto,alto
820.0,F1366,2.0,38334,Mercado,exón 11A BRCA1,Positiva p/BRCA1:c.798_799del,0,0/1,,sd,1,sd,,sd,2,sd,1,2,1,sd,1,sd,0,sd,sd,1,sd,sd,Positiva p/BRCA1:c.798_799del,BRCA1,c.798_799del,c.798_799del,BRCA1,BRCA1 c.798_799del,BRCA1,BRCA1,37698.0,VCV000037698.,NM_007294.4(BRCA1):c.798_799del (p.Ser267fs),BRCA1_c.798_799del,P,"BIC: 916&base_change=del TT, BIC: 917&base_change=del TT, ClinGen: CA003881, dbSNP: 80357724",0,798.0,alto,alto
823.0,F1366,5.0,38334,Mercado,exón 11A BRCA1,Positiva p/BRCA1:c.798_799del,0,0/1,16.0,sd,0,sd,,sd,6,sd,3,1,0,sd,1,sd,0,sd,hna con CM,1,sd,sd,Positiva p/BRCA1:c.798_799del,BRCA1,c.798_799del,c.798_799del,BRCA1,BRCA1 c.798_799del,BRCA1,BRCA1,37698.0,VCV000037698.,NM_007294.4(BRCA1):c.798_799del (p.Ser267fs),BRCA1_c.798_799del,P,"BIC: 916&base_change=del TT, BIC: 917&base_change=del TT, ClinGen: CA003881, dbSNP: 80357724",0,798.0,alto,alto
826.0,F1373,2.0,38259,Lotersztein,c.6405_6409del,Positiva p/BRCA2:c.6405_6409del,0,0/1,,sd,1,sd,,sd,3,sd,2,3,0,sd,0,sd,1,sd,sd,1,sd,sd,Positiva p/BRCA2:c.6405_6409del,BRCA2,c.6405_6409del,c.6405_6409del,BRCA2,BRCA2 c.6405_6409del,BRCA2,BRCA2,38043.0,VCV000038043.,NM_000059.4(BRCA2):c.6405_6409del (p.Asn2135fs),BRCA2_c.6405_6409del,P,"ClinGen: CA023991, dbSNP: 80359584",0,6405.0,bajo,alto
827.0,F1373 (1372),3.0,38259,Lotersztein,BRCA2:c.6405_6409del,Positiva p/BRCA2:c.6405_6409del,0,0/1,,sd,0,sd,,sd,4,sd,3,1,1,sd,0,sd,1,sd,sd,1,sd,sd,Positiva p/BRCA2:c.6405_6409del,BRCA2,c.6405_6409del,c.6405_6409del,BRCA2,BRCA2 c.6405_6409del,BRCA2,BRCA2,38043.0,VCV000038043.,NM_000059.4(BRCA2):c.6405_6409del (p.Asn2135fs),BRCA2_c.6405_6409del,P,"ClinGen: CA023991, dbSNP: 80359584",1,6405.0,bajo,alto
sd,F1366,2.0,38334,Mercado,BRCA1:c.798_799del ,Positiva p/BRCA1:c.798_799del,0,0/1,22.0,0,0,sd,,sd,1,sd,3,2,0,sd,1,sd,1,sd,"tia paterna CM, abuela materna CM",1,sd,sd,Positiva p/BRCA1:c.798_799del,BRCA1,c.798_799del,c.798_799del,BRCA1,BRCA1 c.798_799del,BRCA1,BRCA1,37698.0,VCV000037698.,NM_007294.4(BRCA1):c.798_799del (p.Ser267fs),BRCA1_c.798_799del,P,"BIC: 916&base_change=del TT, BIC: 917&base_change=del TT, ClinGen: CA003881, dbSNP: 80357724",0,798.0,alto,alto
sd,F1366,5.0,38334,Mercado,BRCA1:c.798_799del ,Positiva p/BRCA1:c.798_799del,0,0/1,30.0,0,0,sd,,sd,3,sd,1,2,1,sd,0,sd,0,sd,sd,1,sd,sd,Positiva p/BRCA1:c.798_799del,BRCA1,c.798_799del,c.798_799del,BRCA1,BRCA1 c.798_799del,BRCA1,BRCA1,37698.0,VCV000037698.,NM_007294.4(BRCA1):c.798_799del (p.Ser267fs),BRCA1_c.798_799del,P,"BIC: 916&base_change=del TT, BIC: 917&base_change=del TT, ClinGen: CA003881, dbSNP: 80357724",0,798.0,alto,alto
sd,F1373,2.0,38259,Cenagem,BRCA2:c.6405_6409del,Positiva p/BRCA2:c.6405_6409del,0,0/1,71.0,0,0,sd,,sd,4,sd,1,2,1,sd,1,sd,1,sd,"Hno con ca de estomago, hna con ca de pancreas",1,sd,sd,Positiva p/BRCA2:c.6405_6409del,BRCA2,c.6405_6409del,c.6405_6409del,BRCA2,BRCA2 c.6405_6409del,BRCA2,BRCA2,38043.0,VCV000038043.,NM_000059.4(BRCA2):c.6405_6409del (p.Asn2135fs),BRCA2_c.6405_6409del,P,"ClinGen: CA023991, dbSNP: 80359584",1,6405.0,bajo,alto
sd,F1373,3.0,38259,Cenagem,BRCA2:c.6405_6409del,Positiva p/BRCA2:c.6405_6409del,0,0/1,45.0,0,0,sd,,sd,2,sd,1,3,1,sd,1,sd,0,sd,"hna con CM, tia materna ca de pancreas, tio materno ca estomago",1,sd,sd,Positiva p/BRCA2:c.6405_6409del,BRCA2,c.6405_6409del,c.6405_6409del,BRCA2,BRCA2 c.6405_6409del,BRCA2,BRCA2,38043.0,VCV000038043.,NM_000059.4(BRCA2):c.6405_6409del (p.Asn2135fs),BRCA2_c.6405_6409del,P,"ClinGen: CA023991, dbSNP: 80359584",1,6405.0,bajo,alto
830.0,F1376,1.0,38513,Mercado,BRCA2:c.6405_6409del,Positivo p/BRCA2:c.6405_6409del,0,0/1,35.0,1,0,sd,,sd,2,sd,3,3,POS,sd,POS,sd,NEG,sd,sd,1,sd,sd,Positivo p/BRCA2:c.6405_6409del,BRCA2,c.6405_6409del,c.6405_6409del,BRCA2,BRCA2 c.6405_6409del,BRCA2,BRCA2,38043.0,VCV000038043.,NM_000059.4(BRCA2):c.6405_6409del (p.Asn2135fs),BRCA2_c.6405_6409del,P,"ClinGen: CA023991, dbSNP: 80359584",0,6405.0,bajo,alto
832.0,F1379,1.0,38410,Mercado,BRCA1:c.66dupA,Positivo p/BRCA1:c.66dupA,0,0/1,36.0,1,1,sd,,sd,5,sd,2,1,1,sd,1,sd,0,sd,"tias patenas y prima paterna ca ovario y mama, hermana CM, mdre CM, padre ca prostata y vejiga",3,sd,sd,Positivo p/BRCA1:c.66dupA,BRCA1,c.66dupA,c.66dupA,BRCA1,BRCA1 c.66dupA,BRCA1,BRCA1,37691.0,VCV000037691.,NM_007294.4(BRCA1):c.66dup (p.Glu23fs),BRCA1_c.66dupA,P,"BIC: 185&base_change=ins A, ClinGen: CA003784, dbSNP: 80357783",1,66.0,alto,alto
833.0,F1379,2.0,38410,Mercado,c.66dupA,Positivo p/BRCA1:c.66dupA,0,0/1,,sd,0,sd,,sd,6,sd,2,3,1,sd,0,sd,1,sd,sd,1,sd,sd,Positivo p/BRCA1:c.66dupA,BRCA1,c.66dupA,c.66dupA,BRCA1,BRCA1 c.66dupA,BRCA1,BRCA1,37691.0,VCV000037691.,NM_007294.4(BRCA1):c.66dup (p.Glu23fs),BRCA1_c.66dupA,P,"BIC: 185&base_change=ins A, ClinGen: CA003784, dbSNP: 80357783",1,66.0,alto,alto
sd,F1384,1.0,38559,Mercado,c.5266dup,Positivo p/BRCA1:c.5266dup,0,0/1,44.0,1,1,sd,,sd,5,sd,2,3,NEG,sd,NEG,sd,NEG,sd,"madre con ca de oavrio, abuela con ca de mama",2,sd,sd,Positivo p/BRCA1:c.5266dup,BRCA1,c.5266dup,c.5266dup,BRCA1,BRCA1 c.5266dup,BRCA1,BRCA1,17677.0,VCV000017677.,NM_007294.4(BRCA1):c.5266dup (p.Gln1756fs),BRCA1_c.5266dup,P,"BIC: 5382&base_change=ins C, ClinGen: CA003404, dbSNP: 80357906",0,5266.0,alto,bajo
sd,F1384,2.0,38559,Mercado,c.5266dup,Positivo p/BRCA1:c.5266dup,0,0/1,53.0,0,1,sd,,sd,5,sd,1,1,0,sd,1,sd,1,sd,"hna con CM, madre con CO, abuela con CM",2,sd,sd,Positivo p/BRCA1:c.5266dup,BRCA1,c.5266dup,c.5266dup,BRCA1,BRCA1 c.5266dup,BRCA1,BRCA1,17677.0,VCV000017677.,NM_007294.4(BRCA1):c.5266dup (p.Gln1756fs),BRCA1_c.5266dup,P,"BIC: 5382&base_change=ins C, ClinGen: CA003404, dbSNP: 80357906",0,5266.0,alto,bajo
838.0,F1385,1.0,38541,Lucas Sanchez,c.211A>G BRCA1,Positivo p/BRCA1:c.211A>G ,0,0/1,54.0,1,0,sd,35.0,42.0,Carcinoma Ductal,Lobulillar infiltrante,1,3,0,1.0,1,sd,1,0.0,tias paternas con CM,3,sd,sd,Positivo p/BRCA1:c.211A>G,BRCA1,c.211A>G,c.211A>G,BRCA1,BRCA1 c.211A>G,BRCA1,BRCA1,17693.0,VCV000017693.,NM_007294.4(BRCA1):c.211A>G (p.Arg71Gly),BRCA1_c.211A>G,P,"ClinGen: CA001398, dbSNP: 80357382",1,211.0,alto,alto
sd,F1385,2.0,38541,Lucas Sanchez,c.211A>G BRCA1,Positivo p/BRCA1:c.211A>G ,0,0/1,,sd,1,sd,,sd,1,sd,2,1,1,sd,1,sd,0,sd,sd,1,sd,sd,Positivo p/BRCA1:c.211A>G,BRCA1,c.211A>G,c.211A>G,BRCA1,BRCA1 c.211A>G,BRCA1,BRCA1,17693.0,VCV000017693.,NM_007294.4(BRCA1):c.211A>G (p.Arg71Gly),BRCA1_c.211A>G,P,"ClinGen: CA001398, dbSNP: 80357382",0,211.0,alto,alto
839.0,F1385,2.0,38541,Lucas Sanchez,c.211A>G BRCA1,Positivo p/BRCA1:c.211A>G ,0,0/1,18.0,0,0,sd,,sd,3,sd,3,3,1,sd,0,sd,0,sd,Madre con CM ,2,sd,sd,Positivo p/BRCA1:c.211A>G,BRCA1,c.211A>G,c.211A>G,BRCA1,BRCA1 c.211A>G,BRCA1,BRCA1,17693.0,VCV000017693.,NM_007294.4(BRCA1):c.211A>G (p.Arg71Gly),BRCA1_c.211A>G,P,"ClinGen: CA001398, dbSNP: 80357382",1,211.0,alto,alto
840.0,F1387,1.0,38622,Mercado,BRCA1:c.1953dup,Positivo p/BRCA1:c.1953dup,0,0/1,59.0,CO,1,sd,55.0,sd,Adenocarcinoma,sd,1,3,1,sd,0,sd,0,sd,sd,2,sd,sd,Positivo p/BRCA1:c.1953dup,BRCA1,c.1953dup,c.1953dup,BRCA1,BRCA1 c.1953dup,BRCA1,BRCA1,38227.0,VCV000038227.,NM_000059.4(BRCA2):c.9292T>C (p.Tyr3098His),BRCA1_c.1953dup,B,"ClinGen: CA026092, dbSNP: 41293521",0,1953.0,alto,alto
842.0,F1388,1.0,38705,Lucas Sanchez, BRCA1:c.427G>T,Positivo p/BRCA1:c.427G>T,0,0/1,40.0,1,0,sd,,sd,1,sd,1,2,1,sd,1,sd,1,sd,"1 (Madre con CM y ovario, tio con melanoma)",2,sd,sd,Positivo p/BRCA1:c.427G>T,BRCA1,c.427G>T,c.427G>T,BRCA1,BRCA1 c.427G>T,BRCA1,BRCA1,37569.0,VCV000037569.,NM_007294.4(BRCA1):c.4117G>T (p.Glu1373Ter),BRCA1_c.427G>T,P,"ClinGen: CA002641, dbSNP: 80357259",1,427.0,alto,alto
843.0,F1388,2.0,38705,Lucas Sanchez,exón 7 BRCA1,Positivo p/BRCA1:c.427G>T ,0,0/1,64.0,Melanoma,0,sd,55.0,sd,5,sd,2,1,1,sd,1,sd,1,sd,sd,3,sd,sd,Positivo p/BRCA1:c.427G>T,BRCA1,c.427G>T,c.427G>T,BRCA1,BRCA1 c.427G>T,BRCA1,BRCA1,37569.0,VCV000037569.,NM_007294.4(BRCA1):c.4117G>T (p.Glu1373Ter),BRCA1_c.427G>T,P,"ClinGen: CA002641, dbSNP: 80357259",0,427.0,alto,alto
844.0,F1391 (F1388),3.0,38705,Lucas Sanchez,exón 7 BRCA1,Positivo p/BRCA1:c.427G>T ,0,0/1,38.0,sd,1,sd,,sd,2,sd,3,1,0,sd,1,sd,0,sd,sd,1,sd,sd,Positivo p/BRCA1:c.427G>T,BRCA1,c.427G>T,c.427G>T,BRCA1,BRCA1 c.427G>T,BRCA1,BRCA1,37569.0,VCV000037569.,NM_007294.4(BRCA1):c.4117G>T (p.Glu1373Ter),BRCA1_c.427G>T,P,"ClinGen: CA002641, dbSNP: 80357259",0,427.0,alto,alto
sd,F1388,4.0,38705,Ripodas Santiago,exón 7 BRCA1,Positivo p/BRCA1:c.427G>T ,0,0/1,37.0,sd,0,sd,,sd,2,sd,1,2,1,sd,1,sd,0,sd,sd,3,sd,sd,Positivo p/BRCA1:c.427G>T,BRCA1,c.427G>T,c.427G>T,BRCA1,BRCA1 c.427G>T,BRCA1,BRCA1,37569.0,VCV000037569.,NM_007294.4(BRCA1):c.4117G>T (p.Glu1373Ter),BRCA1_c.427G>T,P,"ClinGen: CA002641, dbSNP: 80357259",1,427.0,alto,alto
sd,F1388,2.0,38705,Lucas Sanchez,BRCA1:c.427G>T,Positivo p/BRCA1:c.427G>T,0,0/1,64.0,Melanoma,0,sd,55.0,sd,6,sd,3,1,1,sd,0,sd,0,sd,hna con CM y ovario,1,sd,sd,Positivo p/BRCA1:c.427G>T,BRCA1,c.427G>T,c.427G>T,BRCA1,BRCA1 c.427G>T,BRCA1,BRCA1,37569.0,VCV000037569.,NM_007294.4(BRCA1):c.4117G>T (p.Glu1373Ter),BRCA1_c.427G>T,P,"ClinGen: CA002641, dbSNP: 80357259",1,427.0,alto,alto
sd,F1388(1391),3.0,38705,Lucas Sanchez,BRCA1:c.427G>T,Positivo p/BRCA1:c.427G>T,0,0/1,38.0,0,1,sd,,sd,1,sd,2,1,1,sd,1,sd,1,sd,"Padre con melanoma, tia con ca mama y ovario",3,sd,sd,Positivo p/BRCA1:c.427G>T,BRCA1,c.427G>T,c.427G>T,BRCA1,BRCA1 c.427G>T,BRCA1,BRCA1,37569.0,VCV000037569.,NM_007294.4(BRCA1):c.4117G>T (p.Glu1373Ter),BRCA1_c.427G>T,P,"ClinGen: CA002641, dbSNP: 80357259",1,427.0,alto,alto
845.0,F1388,4.0,38705,Lucas Sanchez,BRCA1:c.427G>T,Positivo p/BRCA1:c.427G>T,0,0/1,37.0,0,0,sd,,sd,5,sd,1,1,0,sd,0,sd,1,sd,"Padre con melanoma, tia con ca mama y ovario",2,sd,sd,Positivo p/BRCA1:c.427G>T,BRCA1,c.427G>T,c.427G>T,BRCA1,BRCA1 c.427G>T,BRCA1,BRCA1,37569.0,VCV000037569.,NM_007294.4(BRCA1):c.4117G>T (p.Glu1373Ter),BRCA1_c.427G>T,P,"ClinGen: CA002641, dbSNP: 80357259",1,427.0,alto,alto
846.0,F1389,1.0,38706,Santiago Ripodas,BRCA1 se estudió afuera,Positivo p/BRCA1:c.4736_4739del ,0,0/1,38.0,1,0,sd,37.0,sd,CI,sd,2,1,1,sd,1,sd,0,sd,madre con CM,3,sd,sd,Positivo p/BRCA1:c.4736_4739del,BRCA1,c.4736_4739del,c.4736_4739del,BRCA1,BRCA1 c.4736_4739del,BRCA1,BRCA1,491087.0,VCV000491087.,NM_007294.4(BRCA1):c.4736_4739del (p.Pro1579fs),BRCA1_c.4736_4739del,P,"ClinGen: CA658684116, dbSNP: 1555581017",0,4736.0,alto,bajo
847.0,F1389,2.0,38706,Santiago Ripodas,exón 16 BRCA1,Positivo p/BRCA1:c.4736_4739del ,0,0/1,61.0,1,1,sd,40.0,sd,CLI,sd,2,2,1,sd,1,sd,s/datos,sd,"1 (Madre con CM bil, 3 tias maternas CM)",1,sd,sd,Positivo p/BRCA1:c.4736_4739del,BRCA1,c.4736_4739del,c.4736_4739del,BRCA1,BRCA1 c.4736_4739del,BRCA1,BRCA1,491087.0,VCV000491087.,NM_007294.4(BRCA1):c.4736_4739del (p.Pro1579fs),BRCA1_c.4736_4739del,P,"ClinGen: CA658684116, dbSNP: 1555581017",0,4736.0,alto,bajo
849.0,F1392 (F600),5.0,34195,Mercado,exón 7 BRCA1 (c.427G>T),Positivo p/BRCA1:c.427G>T ,0,1,43.0,0,0,sd,,sd,1,sd,1,2,0,sd,0,sd,0,sd,1,2,sd,sd,Positivo p/BRCA1:c.427G>T,BRCA1,c.427G>T,c.427G>T,BRCA1,BRCA1 c.427G>T,BRCA1,BRCA1,37569.0,VCV000037569.,NM_007294.4(BRCA1):c.4117G>T (p.Glu1373Ter),BRCA1_c.427G>T,P,"ClinGen: CA002641, dbSNP: 80357259",1,427.0,alto,alto
850.0,F1396,1.0,38800,Mercado,sd,"Positivo p/BRCA1:c.3841C>T, p.Gln1281*",0,1,64.0,CO,1,sd,62.0,sd,5,sd,1,1,0,sd,0,sd,1,sd,sd,2,sd,sd,"Positivo p/BRCA1:c.3841C>T,",BRCA1,"c.3841C>T,","c.3841C>T,",BRCA1,"BRCA1 c.3841C>T,",BRCA1,sd,sd,sd,sd,sd,VUS,sd,1,3841.0,,
851.0,F1396,2.0,38800,Mercado,exón 11 reg G BRCA1,"Positivo p/BRCA1:c.3841C>T, p.Gln1281* ",0,1,49.0,0,1,sd,,sd,1,sd,3,1,1,sd,0,sd,1,sd,1(tia paterna con Ca ovario),2,sd,sd,"Positivo p/BRCA1:c.3841C>T,",BRCA1,"c.3841C>T,","c.3841C>T,",BRCA1,"BRCA1 c.3841C>T,",BRCA1,sd,sd,sd,sd,sd,VUS,sd,1,3841.0,,
854.0,F1398,1.0,38409,Mercado (Cólica),BRCA1 y 2 por Pfast,Positivo p/BRCA2:c.2808_2811del,0,0,26.0,2,0,sd,23.0,sd,CDI,sd,1,1,1,sd,1,sd,0,sd,sd,3,sd,sd,Positivo p/BRCA2:c.2808_2811del,BRCA2,c.2808_2811del,c.2808_2811del,BRCA2,BRCA2 c.2808_2811del,BRCA2,BRCA2,9322.0,VCV000009322.,NM_000059.3(BRCA2):c.2808_2811del (p.Ala938Profs),BRCA2_c.2808_2811del,P,"ClinGen: CA016424, dbSNP: 80359351",1,2808.0,alto,normal
855.0,F1398,2.0,38409,Mercado (Cólica),c.2808_2811delACAA BRCA2,Positivo p/BRCA2:c.2808_2811del,0,0,48.0,0,0,sd,,sd,6,sd,2,2,0,sd,1,sd,1,sd,sd,1,sd,sd,Positivo p/BRCA2:c.2808_2811del,BRCA2,c.2808_2811del,c.2808_2811del,BRCA2,BRCA2 c.2808_2811del,BRCA2,BRCA2,9322.0,VCV000009322.,NM_000059.3(BRCA2):c.2808_2811del (p.Ala938Profs),BRCA2_c.2808_2811del,P,"ClinGen: CA016424, dbSNP: 80359351",0,2808.0,alto,normal
857.0,F1403,1.0,38782,Gabriela Avendaño,panel 30 genes(BRCA1),Positivo p/BRCA1:c.1360_1361del ,0,1,65.0,2//1,0,sd,41.0,63.0,5,sd,3,1,s/datos,sd,s/datos,sd,s/datos,sd,"1(padre pulmon, madre ovario, tio pàterno prostata)",1,sd,sd,Positivo p/BRCA1:c.1360_1361del,BRCA1,c.1360_1361del,c.1360_1361del,BRCA1,BRCA1 c.1360_1361del,BRCA1,BRCA1,37406.0,VCV000037406.,NM_007294.4(BRCA1):c.1360_1361del (p.Glu453_Ser454insTer),BRCA1_c.1360_1361del,P,"BIC: 1479&base_change=del AG, ClinGen: CA000906, dbSNP: 80357969",0,1360.0,alto,alto
862.0,1407,1.0,38723,Graciela Mercado,BRCA1:c.5463dup,Positiva p/BRCA1:c.5463dup ,0,0,60.0,2,1,sd,56.0,sd,6,sd,2,3,neg,sd,neg,sd,neg,sd,Madre con Ca de ovario y padre con ca esofago,2,sd,sd,Positiva p/BRCA1:c.5463dup,BRCA1,c.5463dup,c.5463dup,BRCA1,BRCA1 c.5463dup,BRCA1,BRCA1,548237.0,VCV000548237.,NM_007294.4(BRCA1):c.5466dup (p.Ala1823fs),BRCA1_c.5463dup,P,dbSNP: 1555574698,0,5463.0,alto,bajo
863.0,F1407,2.0,38723,Graciela Mercado,c.5463dup,Positiva p/BRCA1:c.5463dup ,0,1,42.0,CO,1,sd,40.0,sd,5,sd,3,3,0,sd,1,sd,0,sd,"mdre con CM, abuela materna ca ovario, abuelo materno ca esofago, abuela paterna ca utero",3,sd,sd,Positiva p/BRCA1:c.5463dup,BRCA1,c.5463dup,c.5463dup,BRCA1,BRCA1 c.5463dup,BRCA1,BRCA1,548237.0,VCV000548237.,NM_007294.4(BRCA1):c.5466dup (p.Ala1823fs),BRCA1_c.5463dup,P,dbSNP: 1555574698,0,5463.0,alto,bajo
868.0,F1414,1.0,39138,"Arancedo, Josefina",c.1813del(p.Ala605HisFs*7)BRCA1,Positiva p/BRCA1:c.1813del ,0,0/1,43.0,CO,1,sd,41.0,sd,seroso papilar,sd,3,3,1,sd,0,sd,0,sd,tia paterna leucemia,1,sd,sd,Positiva p/BRCA1:c.1813del,BRCA1,c.1813del,c.1813del,BRCA1,BRCA1 c.1813del,BRCA1,BRCA1,37763.0,VCV000037763.,NM_000059.4(BRCA2):c.1813del (p.Ile605fs),BRCA1_c.1813del,P,"ClinGen: CA013362, dbSNP: 80359306",1,1813.0,alto,alto
