CASO,CODIGO,P,PAC,HC,DERIVA,Estudio,Resultado,GRUPO,ETNIA,EDAD,CM,RECIDIVA,SINCRO,DX1,DX2,HISTO1,HISTO2,GRADO1,GRADO2,RE1,RE2,RP1,RP2,HER21,HER22,HISTFAM ,CONSANGU,GANGLIOS1,GANGLIOS2,Region,Region-corregida,Region-1,Region-2,nombre-genes,input_clinvar,gen-clinvar,Gene,ID,Accession,Variation Name,gene_name_variant_region,Germline Classification,Links
112.0,F202,1,SALGADO MORALES LUZ,688.018,H Rivad,panel Narod(BRCA2),Positiva p/BRCA2:c.8987T>A( patogénica),1.0,0,57,1,0,,56,,CDI,,2,,0,,0,,0,,1,3.0,1.0,,Positiva p/BRCA2:c.8987T>A(,BRCA2,c.8987T>A(,c.8987T>A,BRCA2,BRCA2 c.8987T>A,BRCA2,BRCA2,219665,VCV000219665.,NM_000059.4(BRCA2):c.8987T>A (p.Leu2996Ter),BRCA2_c.8987T>A,"P, a, t, h, o, g, e, n, i, c","ClinGen: CA348592, dbSNP: 864622200"
152.0,F249,1,BRITOS MARIA,DIANA MONTOYA,CENAGEM,panel Narod(BRCA2),Positiva p/BRCA2:c.1138delA( patogénica),1.0,0,40,2,0,,40,,CDI,,3,,0,,1,,1,,1,,1.0,,Positiva p/BRCA2:c.1138delA(,BRCA2,c.1138delA(,c.1138delA,BRCA2,BRCA2 c.1138delA,BRCA2,BRCA2,51070,VCV000051070.,NM_000059.4(BRCA2):c.1138del (p.Ser380fs),BRCA2_c.1138delA,"P, a, t, h, o, g, e, n, i, c","ClinGen: CA010912, dbSNP: 80359264"
154.0,F252P1,1,DI MELLA GRACIELA,DIANA MONTOYA,CENAGEM,panel Narod(BRCA2),Positiva p/BRCA2:c.7857G>A( patogénica),1.0,1,59,1,0,,46,,CDI,,3,,1,,1,,1,,1,,0.0,,Positiva p/BRCA2:c.7857G>A(,BRCA2,c.7857G>A(,c.7857G>A,BRCA2,BRCA2 c.7857G>A,BRCA2,BRCA2,38122,VCV000038122.,NM_000059.4(BRCA2):c.7857G>A (p.Trp2619Ter),BRCA2_c.7857G>A,"P, a, t, h, o, g, e, n, i, c","ClinGen: CA025311, dbSNP: 80359011"
189.0,F295,1,JUEZ ADRIANA RAQUEL,30151,,BRCA1 (EXON 17),Positiva p/BRCA1:c.5027delT (patogénica),1.0,1,37,3,,,37,,,,,,,,,,,,,,,,Positiva p/BRCA1:c.5027delT,BRCA1,c.5027delT,c.5027delT,BRCA1,BRCA1 c.5027delT,BRCA1,BRCA1,55360,VCV000055360.,NM_007294.4(BRCA1):c.5040del (p.Thr1681fs),BRCA1_c.5027delT,"P, a, t, h, o, g, e, n, i, c","BIC: 5159&base_change=del T, ClinGen: CA003168, dbSNP: 80357673"
190.0,F295,2,Bertuzzi Marilyn,33258,,BRCA1 (EXON 17),Positiva p/BRCA1:c.5027delT (patogénica),1.0,1,,,,,,,,,,,,,,,,,,,,,Positiva p/BRCA1:c.5027delT,BRCA1,c.5027delT,c.5027delT,BRCA1,BRCA1 c.5027delT,BRCA1,BRCA1,55360,VCV000055360.,NM_007294.4(BRCA1):c.5040del (p.Thr1681fs),BRCA1_c.5027delT,"P, a, t, h, o, g, e, n, i, c","BIC: 5159&base_change=del T, ClinGen: CA003168, dbSNP: 80357673"
191.0,F295,3,Juez Sofía,30151,,BRCA1 (EXON 17),Positiva p/BRCA1:c.5027delT (patogénica),1.0,1,29,0,,,,,,,,,,,,,,,,,,,Positiva p/BRCA1:c.5027delT,BRCA1,c.5027delT,c.5027delT,BRCA1,BRCA1 c.5027delT,BRCA1,BRCA1,55360,VCV000055360.,NM_007294.4(BRCA1):c.5040del (p.Thr1681fs),BRCA1_c.5027delT,"P, a, t, h, o, g, e, n, i, c","BIC: 5159&base_change=del T, ClinGen: CA003168, dbSNP: 80357673"
266.0,F414,1,Scarpa Florencia,31919,,BRCA1,Positivo p/BRCA1:c.1912delG (patogénica),1.0,1,41,2,,,29,,2,,,,0,,0,,,,1,,0.0,,Positivo p/BRCA1:c.1912delG,BRCA1,c.1912delG,c.1912delG,BRCA1,BRCA1 c.1912delG,BRCA1,BRCA1,54398,VCV000054398.,NM_007294.4(BRCA1):c.1912del (p.Glu638fs),BRCA1_c.1912delG,"P, a, t, h, o, g, e, n, i, c","BIC: 2031&base_change=del G, ClinGen: CA001254, dbSNP: 80357933"
267.0,F414,2,Scarpa María Celina,31919,,BRCA1,Positivo p/BRCA1:c.1912delG (patogénica),,,,CO,,,45,,Adeno seroso,,,,,,,,,,,,,,Positivo p/BRCA1:c.1912delG,BRCA1,c.1912delG,c.1912delG,BRCA1,BRCA1 c.1912delG,BRCA1,BRCA1,54398,VCV000054398.,NM_007294.4(BRCA1):c.1912del (p.Glu638fs),BRCA1_c.1912delG,"P, a, t, h, o, g, e, n, i, c","BIC: 2031&base_change=del G, ClinGen: CA001254, dbSNP: 80357933"
269.0,F414,4,Camiña Camila (hija de Florencia),31919,,BRCA1,Positivo p/BRCA1:c.1912delG (patogénica),,,19,0,,,,,,,,,,,,,,,,,,,Positivo p/BRCA1:c.1912delG,BRCA1,c.1912delG,c.1912delG,BRCA1,BRCA1 c.1912delG,BRCA1,BRCA1,54398,VCV000054398.,NM_007294.4(BRCA1):c.1912del (p.Glu638fs),BRCA1_c.1912delG,"P, a, t, h, o, g, e, n, i, c","BIC: 2031&base_change=del G, ClinGen: CA001254, dbSNP: 80357933"
270.0,F414,5,Camiña Juan Ignacio (hijo de Florencia),31919,,BRCA1,Positivo p/BRCA1:c.1912delG (patogénica),,,17,0,,,,,,,,,,,,,,,,,,,Positivo p/BRCA1:c.1912delG,BRCA1,c.1912delG,c.1912delG,BRCA1,BRCA1 c.1912delG,BRCA1,BRCA1,54398,VCV000054398.,NM_007294.4(BRCA1):c.1912del (p.Glu638fs),BRCA1_c.1912delG,"P, a, t, h, o, g, e, n, i, c","BIC: 2031&base_change=del G, ClinGen: CA001254, dbSNP: 80357933"
302.0,F482,3,Capretti Noelia,,Romina Flores,NGS,Positivo p/BRCA1:c.4117G>T(patogénica),1.0,1,31,0,,,,,,,,,,,,,,,1,,,,Positivo p/BRCA1:c.4117G>T(patogénica),BRCA1,c.4117G>T(patogénica),c.4117G>T,BRCA1,BRCA1 c.4117G>T,BRCA1,BRCA1,17674,VCV000017674.,NM_007294.4(BRCA1):c.4065_4068del (p.Asn1355fs),BRCA1_c.4117G>T,"P, a, t, h, o, g, e, n, i, c","BIC: 4184&base_change=del TCAA, ClinGen: CA026492, dbSNP: 80357508"
303.0,F482,4,Ferrari Stella Maris,,Romina Flores,NGS,Positivo p/BRCA1:c.4117G>T(patogénica),1.0,1,54,0,,,,,,,,,,,,,,,,,,,Positivo p/BRCA1:c.4117G>T(patogénica),BRCA1,c.4117G>T(patogénica),c.4117G>T,BRCA1,BRCA1 c.4117G>T,BRCA1,BRCA1,17674,VCV000017674.,NM_007294.4(BRCA1):c.4065_4068del (p.Asn1355fs),BRCA1_c.4117G>T,"P, a, t, h, o, g, e, n, i, c","BIC: 4184&base_change=del TCAA, ClinGen: CA026492, dbSNP: 80357508"
304.0,F482,5,Ferrari Patricia,,Romina Flores,NGS (BRCA1),Positivo p/BRCA1:c.4117G>T(patogénica),1.0,1,51,1,,,44,50.0,2,2,,,,0,,0,,0,1,,,,Positivo p/BRCA1:c.4117G>T(patogénica),BRCA1,c.4117G>T(patogénica),c.4117G>T,BRCA1,BRCA1 c.4117G>T,BRCA1,BRCA1,17674,VCV000017674.,NM_007294.4(BRCA1):c.4065_4068del (p.Asn1355fs),BRCA1_c.4117G>T,"P, a, t, h, o, g, e, n, i, c","BIC: 4184&base_change=del TCAA, ClinGen: CA026492, dbSNP: 80357508"
305.0,F483,1,Carbone María Antonia,32951,cenagem,BRCA1 Ex11,Positiva p/BRCA1:c.798_799delTT(patogénica),1.0,1,66,1,,,64,,2,,,,0,,0,,1,,1,,1.0,,Positiva p/BRCA1:c.798_799delTT(patogénica),BRCA1,c.798_799delTT(patogénica),c.798_799delTT,BRCA1,BRCA1 c.798_799delTT,BRCA1,BRCA1,37698,VCV000037698.,NM_007294.4(BRCA1):c.798_799del (p.Ser267fs),BRCA1_c.798_799delTT,"P, a, t, h, o, g, e, n, i, c","BIC: 916&base_change=del TT, BIC: 917&base_change=del TT, ClinGen: CA003881, dbSNP: 80357724"
313.0,F486,1,Spione Jorge,,CEMIC,NGS(BRCA2),"Positiva p/BRCA2:c.5796_5797delTA(patogenica), p.His 1932_Asn1933GlnProfs, 6024delTA",1.0,,56,ca colorrectal,,,45,,,,,,,,,,,,,,,,"Positiva p/BRCA2:c.5796_5797delTA(patogenica),",BRCA2,"c.5796_5797delTA(patogenica),",c.5796_5797delTA,BRCA2,BRCA2 c.5796_5797delTA,BRCA2,BRCA2,38242,VCV000038242.,NM_000059.4(BRCA2):c.9501+3A>T,BRCA2_c.5796_5797delTA,"B, e, n, i, g, n","ClinGen: CA026183, dbSNP: 61757642"
359.0,F552,1,Taja María Emilia,33715,,NGS(BRCA2),Positiva p/BRCA2:c.9257-1G>A(Patogenica),1.0,1,44,CO bilat,,,38,,,,,,0,,,,,,"1(padre con ca de pancreas, tias paternas ca ovario, ca pulmon, tio paterno ca estomago)",,,,Positiva p/BRCA2:c.9257-1G>A(Patogenica),BRCA2,c.9257-1G>A(Patogenica),c.9257-1G>A,BRCA2,BRCA2 c.9257-1G>A,BRCA2,BRCA2,52792,VCV000052792.,NM_000059.4(BRCA2):c.9257-1G>A,BRCA2_c.9257-1G>A,"P, a, t, h, o, g, e, n, i, c, /, L, i, k, e, l, y,  , p, a, t, h, o, g, e, n, i, c","ClinGen: CA026064, dbSNP: 81002889"
363.0,F567,1,Gorzio Alfonsina,,,NGS (EXON 11 BRCA2),Positiva p/BRCA2:c.2621_2622insG( patogenica),,1,50,2,,,40,,2,,,,1,,1,,,,1,,,,Positiva p/BRCA2:c.2621_2622insG(,BRCA2,c.2621_2622insG(,c.2621_2622insG,BRCA2,BRCA2 c.2621_2622insG,BRCA2,BRCA2,548363,VCV000548363.,NM_000059.4(BRCA2):c.2621_2622insG (p.Val875fs),BRCA2_c.2621_2622insG,"P, a, t, h, o, g, e, n, i, c",dbSNP: 1555282757
379.0,F600,1,Rosner Dolores,34195,,NGS(BRCA1),Positiva p/BRCA1:c.427G>T (patogénica no judía) EXON 7,,,,CO,,,38,,,,,,,,,,,,,,,,Positiva p/BRCA1:c.427G>T,BRCA1,c.427G>T,c.427G>T,BRCA1,BRCA1 c.427G>T,BRCA1,BRCA1,37569,VCV000037569.,NM_007294.4(BRCA1):c.4117G>T (p.Glu1373Ter),BRCA1_c.427G>T,"P, a, t, h, o, g, e, n, i, c","ClinGen: CA002641, dbSNP: 80357259"
,F1392(F600),3,Llauro Pedro,34195,Graciela Mercado,"BRCA1:c.427G>A, exon 7 ",Positiva p/BRCA1:c.427G>T (patogénica no judía) EXON 7,,1,,0,,,,,,,,,,,,,,,"ca de mama, colon, ovario y mama",,,,Positiva p/BRCA1:c.427G>T,BRCA1,c.427G>T,c.427G>T,BRCA1,BRCA1 c.427G>T,BRCA1,BRCA1,37569,VCV000037569.,NM_007294.4(BRCA1):c.4117G>T (p.Glu1373Ter),BRCA1_c.427G>T,"P, a, t, h, o, g, e, n, i, c","ClinGen: CA002641, dbSNP: 80357259"
386.0,F608,1,Lastra María Elena,,Luisina Bruno,NGS (BRCA2),Positiva p/BRCA2:c.3251_3254delGTCA,,1,44,2,,,43,,CDI tipo NOS,,2,,1,,1,,0,,?,,,,Positiva p/BRCA2:c.3251_3254delGTCA,BRCA2,c.3251_3254delGTCA,c.3251_3254delGTCA,BRCA2,BRCA2 c.3251_3254delGTCA,BRCA2,,,,,,,
428.0,F687,1,Borell Renée,,CENAGEM,exón 11st BRCA2,Positiva p/BRCA2:c.5351_5352insA (c.5351dupA o 5579insA) (patogenica),,1,73,2,,,60,,,,2,,1,,0,,,,1,,,,Positiva p/BRCA2:c.5351_5352insA,BRCA2,c.5351_5352insA,c.5351_5352insA,BRCA2,BRCA2 c.5351_5352insA,BRCA2,,,,,,,
470.0,F761,1,Palavicino Alicia,,CENAGEM,exón 11 BRCA2,Positiva p/BRCA2:c.5351_5352insA (c.5351dupA o 5579insA) (patogenica),,0/1,39,2,,,38,,2,,3,,0,,0,,0,,?,,,,Positiva p/BRCA2:c.5351_5352insA,BRCA2,c.5351_5352insA,c.5351_5352insA,BRCA2,BRCA2 c.5351_5352insA,BRCA2,,,,,,,
471.0,F761,2,Palavicino Clarisa,,CENAGEM,exón 11 BRCA2,Positiva p/BRCA2:c.5351_5352insA (c.5351dupA o 5579insA) (patogenica),,0/1,36,0,,,,,,,,,,,,,,,?,,,,Positiva p/BRCA2:c.5351_5352insA,BRCA2,c.5351_5352insA,c.5351_5352insA,BRCA2,BRCA2 c.5351_5352insA,BRCA2,,,,,,,
478.0,F774,1,Begue Florencia,,Martínez Vazquez,exón 8 BRCA2,Positiva p/BRCA2:c.658_659delGT(patogénica),,1,37,unilat,,,35,,2,,,,1,,1,,0,,1,,,,Positiva p/BRCA2:c.658_659delGT(patogénica),BRCA2,c.658_659delGT(patogénica),c.658_659delGT,BRCA2,BRCA2 c.658_659delGT,BRCA2,BRCA2,9342,VCV000009342.,NM_000059.4(BRCA2):c.658_659del (p.Val220fs),BRCA2_c.658_659delGT,"P, a, t, h, o, g, e, n, i, c","ClinGen: CA024188, dbSNP: 80359604"
479.0,F774,2,Begue Ana Inés,,,exón 8 BRCA2,Positiva p/BRCA2:c.658_659delGT(patogénica),,1,40,0,,,,,,,,,,,,,,,1,,,,Positiva p/BRCA2:c.658_659delGT(patogénica),BRCA2,c.658_659delGT(patogénica),c.658_659delGT,BRCA2,BRCA2 c.658_659delGT,BRCA2,BRCA2,9342,VCV000009342.,NM_000059.4(BRCA2):c.658_659del (p.Val220fs),BRCA2_c.658_659delGT,"P, a, t, h, o, g, e, n, i, c","ClinGen: CA024188, dbSNP: 80359604"
482.0,F776,1,Raggi,35199,,exón 11x BRCA2,Positiva p/BRCA2:c.6468_6469delTC + variante RAD51 c.730A>G (p.Ile244Val) (patogénica),,1,,,,,,,,,,,,,,,,,,,,,Positiva p/BRCA2:c.6468_6469delTC,BRCA2,c.6468_6469delTC,c.6468_6469delTC,BRCA2,BRCA2 c.6468_6469delTC,BRCA2,BRCA2,5591,VCV000005591.,NM_007194.4(CHEK2):c.470T>C (p.Ile157Thr),BRCA2_c.6468_6469delTC,"C, o, n, f, l, i, c, t, i, n, g,  , c, l, a, s, s, i, f, i, c, a, t, i, o, n, s,  , o, f,  , p, a, t, h, o, g, e, n, i, c, i, t, y, ;,  , r, i, s, k,  , f, a, c, t, o, r","ClinGen: CA117630, dbSNP: 17879961"
483.0,F776,2,Raggi Andrea,35199,,exón 11x BRCA2,Positiva p/BRCA2:c.6468_6469delTC(patogénica),,1,45,0,,,,,,,,,,,,,,,,,,,Positiva p/BRCA2:c.6468_6469delTC(patogénica),BRCA2,c.6468_6469delTC(patogénica),c.6468_6469delTC,BRCA2,BRCA2 c.6468_6469delTC,BRCA2,BRCA2,5591,VCV000005591.,NM_007194.4(CHEK2):c.470T>C (p.Ile157Thr),BRCA2_c.6468_6469delTC,"C, o, n, f, l, i, c, t, i, n, g,  , c, l, a, s, s, i, f, i, c, a, t, i, o, n, s,  , o, f,  , p, a, t, h, o, g, e, n, i, c, i, t, y, ;,  , r, i, s, k,  , f, a, c, t, o, r","ClinGen: CA117630, dbSNP: 17879961"
485.0,F776,4,Raggi Nicolás,35199,,exón 11x BRCA2,Positiva p/BRCA2:c.6468_6469delTC(patogénica),,1,28,0,,,,,,,,,,,,,,,,,,,Positiva p/BRCA2:c.6468_6469delTC(patogénica),BRCA2,c.6468_6469delTC(patogénica),c.6468_6469delTC,BRCA2,BRCA2 c.6468_6469delTC,BRCA2,BRCA2,5591,VCV000005591.,NM_007194.4(CHEK2):c.470T>C (p.Ile157Thr),BRCA2_c.6468_6469delTC,"C, o, n, f, l, i, c, t, i, n, g,  , c, l, a, s, s, i, f, i, c, a, t, i, o, n, s,  , o, f,  , p, a, t, h, o, g, e, n, i, c, i, t, y, ;,  , r, i, s, k,  , f, a, c, t, o, r","ClinGen: CA117630, dbSNP: 17879961"
487.0,F780,1,Belagardi Angélica Elena (tía paterna de Ma. José),35220,,exón 23 BRCA2,Positiva p/BRCA2:c.9026_9030delATCAT(patogénica),,1,61,1,"CM der 2001, CO 2007, CM izq 2015",,46,52.0,,,,,,,,,,,1,,,,Positiva p/BRCA2:c.9026_9030delATCAT(patogénica),BRCA2,c.9026_9030delATCAT(patogénica),c.9026_9030delATCAT,BRCA2,BRCA2 c.9026_9030delATCAT,BRCA2,BRCA2,37636,VCV000037636.,NM_007294.4(BRCA1):c.5096G>A (p.Arg1699Gln),BRCA2_c.9026_9030delATCAT,"P, a, t, h, o, g, e, n, i, c","ClinGen: CA003235, dbSNP: 41293459"
491.0,F783,1,Sagardia Daniela Natalia,35208,,NGS (BRCA1 EXON 6),Positiva p/BRCA1:c.250G>T EXON 6(patogénica),,0/1,40,2,,,35,36.0,2,2,2,,1,,1,,0,,?,,,,Positiva p/BRCA1:c.250G>T,BRCA1,c.250G>T,c.250G>T,BRCA1,BRCA1 c.250G>T,BRCA1,BRCA1,54200,VCV000054200.,NM_007294.4(BRCA1):c.131G>T (p.Cys44Phe),BRCA1_c.250G>T,"P, a, t, h, o, g, e, n, i, c","ClinGen: CA000862, dbSNP: 80357446"
492.0,F783,2,Sagardia Judith,35208,,exón 6 BRCA1,Positiva p/BRCA1:c.250G>T EXON 6(patogénica),,0/1,42,1,1,,29,41.0,2,2,,3,1,0,1,0,1,0,?,,,,Positiva p/BRCA1:c.250G>T,BRCA1,c.250G>T,c.250G>T,BRCA1,BRCA1 c.250G>T,BRCA1,BRCA1,54200,VCV000054200.,NM_007294.4(BRCA1):c.131G>T (p.Cys44Phe),BRCA1_c.250G>T,"P, a, t, h, o, g, e, n, i, c","ClinGen: CA000862, dbSNP: 80357446"
496.0,F783,6,Sagardía Julio,35208,,exón 6 BRCA1,Positiva p/BRCA1:c.250G>T EXON 6(patogénica),,,,,,,,,,,,,,,,,,,,,,,Positiva p/BRCA1:c.250G>T,BRCA1,c.250G>T,c.250G>T,BRCA1,BRCA1 c.250G>T,BRCA1,BRCA1,54200,VCV000054200.,NM_007294.4(BRCA1):c.131G>T (p.Cys44Phe),BRCA1_c.250G>T,"P, a, t, h, o, g, e, n, i, c","ClinGen: CA000862, dbSNP: 80357446"
498.0,F785/F786,4,Shadek Yolanda,,Misiones,exón 5 BRCA1,Positiva p/BRCA1:c.181T>G (p.Cys61Gly)(Patogénica),,1,51,0,,,,,,,,,,,,,,,1,,,,Positiva p/BRCA1:c.181T>G,BRCA1,c.181T>G,c.181T>G,BRCA1,BRCA1 c.181T>G,BRCA1,BRCA1,17661,VCV000017661.,NM_007294.4(BRCA1):c.181T>G (p.Cys61Gly),BRCA1_c.181T>G,"P, a, t, h, o, g, e, n, i, c","ClinGen: CA001182, dbSNP: 28897672"
499.0,F786,1,Yanke Yesica Soledad,,Misiones,NGS,Positiva p/BRCA1:c.181T>G (p.Cys61Gly)(Patogénica),,1,26,1,,,24,,,,,,,,,,,,,,,,Positiva p/BRCA1:c.181T>G,BRCA1,c.181T>G,c.181T>G,BRCA1,BRCA1 c.181T>G,BRCA1,BRCA1,17661,VCV000017661.,NM_007294.4(BRCA1):c.181T>G (p.Cys61Gly),BRCA1_c.181T>G,"P, a, t, h, o, g, e, n, i, c","ClinGen: CA001182, dbSNP: 28897672"
500.0,F786,2,Yanke Darío (hijo de Yolanda),,Misiones,exón 5 BRCA1,Positiva p/BRCA1:c.181T>G (p.Cys61Gly)(Patogénica),,1,29,0,,,,,,,,,,,,,,,1,,,,Positiva p/BRCA1:c.181T>G,BRCA1,c.181T>G,c.181T>G,BRCA1,BRCA1 c.181T>G,BRCA1,BRCA1,17661,VCV000017661.,NM_007294.4(BRCA1):c.181T>G (p.Cys61Gly),BRCA1_c.181T>G,"P, a, t, h, o, g, e, n, i, c","ClinGen: CA001182, dbSNP: 28897672"
502.0,F787,1,Knebel (hna de sonia),,Misiones,NGS(BRCA1),Positiva p/BRCA1:c.5116G>C (p.Gly1706Arg) EXON 18,,,57,3,,,48,,,,,,,,,,,,1,,,,Positiva p/BRCA1:c.5116G>C,BRCA1,c.5116G>C,c.5116G>C,BRCA1,BRCA1 c.5116G>C,BRCA1,BRCA1,55531,VCV000055531.,NM_007294.4(BRCA1):c.5332G>C (p.Asp1778His),BRCA1_c.5116G>C,"U, n, c, e, r, t, a, i, n,  , s, i, g, n, i, f, i, c, a, n, c, e","ClinGen: CA003492, dbSNP: 80357112"
507.0,F793,1,Arpasaca Pillco Ma. Elena,35296,,exón 11G BRCA1,Positiva p/BRCA1:c.3758_3759delCT(patogénica),,0,42,1,,,42,,2,,,,0,,0,,0,,1,,,,Positiva p/BRCA1:c.3758_3759delCT(patogénica),BRCA1,c.3758_3759delCT(patogénica),c.3758_3759delCT,BRCA1,BRCA1 c.3758_3759delCT,BRCA1,BRCA1,548311,VCV000548311.,NM_007294.4(BRCA1):c.3758_3759del (p.Leu1252_Ser1253insTer),BRCA1_c.3758_3759delCT,"P, a, t, h, o, g, e, n, i, c",dbSNP: 1555587135
509.0,F793,3,Arpasaca Pillco Celia,35296,,exón 11G BRCA1,Positiva p/BRCA1:c.3758_3759delCT(patogénica),,0,40,CO,,,40,,,,,,,,,,,,1,,,,Positiva p/BRCA1:c.3758_3759delCT(patogénica),BRCA1,c.3758_3759delCT(patogénica),c.3758_3759delCT,BRCA1,BRCA1 c.3758_3759delCT,BRCA1,BRCA1,548311,VCV000548311.,NM_007294.4(BRCA1):c.3758_3759del (p.Leu1252_Ser1253insTer),BRCA1_c.3758_3759delCT,"P, a, t, h, o, g, e, n, i, c",dbSNP: 1555587135
510.0,F793,4,Arpasaca Pillco César,35296,,exón 11G BRCA1,Positiva p/BRCA1:c.3758_3759delCT(patogénica),,0,38,0,,,,,,,,,,,,,,,1,,,,Positiva p/BRCA1:c.3758_3759delCT(patogénica),BRCA1,c.3758_3759delCT(patogénica),c.3758_3759delCT,BRCA1,BRCA1 c.3758_3759delCT,BRCA1,BRCA1,548311,VCV000548311.,NM_007294.4(BRCA1):c.3758_3759del (p.Leu1252_Ser1253insTer),BRCA1_c.3758_3759delCT,"P, a, t, h, o, g, e, n, i, c",dbSNP: 1555587135
513.0,F795,1,Sosa Eliana,,CEG,madre con mut en BRCA2,Positiva p/BRCA2:c.2808_2811delACAA(Patogénica),,,,,,,,,,,,,,,,,,,1,,,,Positiva p/BRCA2:c.2808_2811delACAA(Patogénica),BRCA2,c.2808_2811delACAA(Patogénica),c.2808_2811delACAA,BRCA2,BRCA2 c.2808_2811delACAA,BRCA2,BRCA2,9322,VCV000009322.,NM_000059.3(BRCA2):c.2808_2811del (p.Ala938Profs),BRCA2_c.2808_2811delACAA,"P, a, t, h, o, g, e, n, i, c","ClinGen: CA016424, dbSNP: 80359351"
558.0,F896,1,Ravasini Florencia,,CENAGEM,panel 16 genes/MLPA,Positiva p/BRCA2:c.7180A>T (Patogénica)/MLPA neg,,,34,1,,,34,,ca invasor no específico,,,,0,,0,,0,,0,,,,Positiva p/BRCA2:c.7180A>T,BRCA2,c.7180A>T,c.7180A>T,BRCA2,BRCA2 c.7180A>T,BRCA2,BRCA2,38082,VCV000038082.,NM_000059.4(BRCA2):c.7069_7070del (p.Leu2357fs),BRCA2_c.7180A>T,"P, a, t, h, o, g, e, n, i, c","ClinGen: CA024835, dbSNP: 80359636"
560.0,F898,1,Herrero María Eugenia,,Lina Núñez,exón 11y BRCA2,Positiva p/BRCA2:c.6596delC (patogénica),,1,32,3,,1.0,31,31.0,,,,,1,,1,,0,,1,,,,Positiva p/BRCA2:c.6596delC,BRCA2,c.6596delC,c.6596delC,BRCA2,BRCA2 c.6596delC,BRCA2,BRCA2,229950,VCV000229950.,NM_000059.4(BRCA2):c.6596del (p.Thr2199fs),BRCA2_c.6596delC,"P, a, t, h, o, g, e, n, i, c","ClinGen: CA10579704, dbSNP: 876658294"
561.0,F899,1,Karina (mamá de Carolina Arroyo),35755,CENAGEM,exón 13 BRCA1,Positiva p/BRCA1:c.4262A>G (Patogénica),,,48,0,,,,,,,,,,,,,,,1,,,,Positiva p/BRCA1:c.4262A>G,BRCA1,c.4262A>G,c.4262A>G,BRCA1,BRCA1 c.4262A>G,BRCA1,BRCA1,55157,VCV000055157.,NM_007294.4(BRCA1):c.4262A>G (p.His1421Arg),BRCA1_c.4262A>G,"C, o, n, f, l, i, c, t, i, n, g,  , c, l, a, s, s, i, f, i, c, a, t, i, o, n, s,  , o, f,  , p, a, t, h, o, g, e, n, i, c, i, t, y","ClinGen: CA002740, dbSNP: 80357079"
578.0,F939,1,Dobal Delfina,no esta,Celia gomez,panel 16 genes,Positiva p/BRCA1:C.1175_1214del(patogénica),,0,20,0,,,,,,,,,,,,,,,"madre con CO, abuela materna con CM bilateral, abuelo paterno ca pancreas",,,,Positiva p/BRCA1:C.1175_1214del(patogénica),BRCA1,C.1175_1214del(patogénica),C.1175_1214del,BRCA1,BRCA1 C.1175_1214del,BRCA1,,,,,,,
579.0,F940,1,Villalba Magalí,,Avendaño,panel 16 genes, Positiva p/BRCA2:c.8953+1G>A (patogénca),,0,37,2,,,36,,carcinoma invasor no específico NOS,,2,,1,,1,,0,,1,,,,Positiva p/BRCA2:c.8953+1G>A,BRCA2,c.8953+1G>A,c.8953+1G>A,BRCA2,BRCA2 c.8953+1G>A,BRCA2,BRCA2,52709,VCV000052709.,NM_000059.4(BRCA2):c.8953+1G>A,BRCA2_c.8953+1G>A,"P, a, t, h, o, g, e, n, i, c, /, L, i, k, e, l, y,  , p, a, t, h, o, g, e, n, i, c","ClinGen: CA025889, dbSNP: 81002882"
582.0,F950 (F963),2,Brites Alicia,,Misiones,exón 11cd BRCA2,Positiva p/BRCA2:c.2564_2565delCA(Patogenica),,1,65,0,,,,,,,,,,,,,,,,,,,Positiva p/BRCA2:c.2564_2565delCA(Patogenica),BRCA2,c.2564_2565delCA(Patogenica),c.2564_2565delCA,BRCA2,BRCA2 c.2564_2565delCA,BRCA2,BRCA2,37786,VCV000037786.,NM_000059.4(BRCA2):c.2426T>G (p.Leu809Ter),BRCA2_c.2564_2565delCA,"P, a, t, h, o, g, e, n, i, c","ClinGen: CA015222, dbSNP: 397507285"
585.0,F953,1,Vasallo Erika,,Luisina Bruno,exón 11c BRCA1,Positiva p/BRCA1:c.2374_2398dup,,1,40,1,,,39,,2,,,,0,,0,,0,,1,,,,Positiva p/BRCA1:c.2374_2398dup,BRCA1,c.2374_2398dup,c.2374_2398dup,BRCA1,BRCA1 c.2374_2398dup,BRCA1,,,,,,,
593.0,F962 (F952),1,Casella Marina,,"Cayetti Carolina, Trinidad Mitre",exón 20 BRCA1,Positiva p/BRCA1:c.5382insC,,,,,,,,,,,,,,,,,,,,,,,Positiva p/BRCA1:c.5382insC,BRCA1,c.5382insC,c.5382insC,BRCA1,BRCA1 c.5382insC,BRCA1,BRCA1,17677,VCV000017677.,NM_007294.4(BRCA1):c.5266dup (p.Gln1756fs),BRCA1_c.5382insC,"P, a, t, h, o, g, e, n, i, c","BIC: 5382&base_change=ins C, ClinGen: CA003404, dbSNP: 80357906"
594.0,F963,1,Roa Alicia,,Misiones,exón 11cd BRCA2,Positiva p/BRCA2:c.2564_2565delCA,,1,44,2,,,43,,2,,,,0,,0,,0,,hna ca endometrio,,,,Positiva p/BRCA2:c.2564_2565delCA,BRCA2,c.2564_2565delCA,c.2564_2565delCA,BRCA2,BRCA2 c.2564_2565delCA,BRCA2,BRCA2,37786,VCV000037786.,NM_000059.4(BRCA2):c.2426T>G (p.Leu809Ter),BRCA2_c.2564_2565delCA,"P, a, t, h, o, g, e, n, i, c","ClinGen: CA015222, dbSNP: 397507285"
606.0,F996,1,Fontana Ana María,,Dolores Mansilla,BRCA2,Positiva p/BRCA2:c.5351_5352insA (c.5351dupA o 5579insA) ,,,,CO bilat,,,66,,,,,,,,,,,,?,,,,Positiva p/BRCA2:c.5351_5352insA,BRCA2,c.5351_5352insA,c.5351_5352insA,BRCA2,BRCA2 c.5351_5352insA,BRCA2,,,,,,,
611.0,F999,1,Leone Patricia Alejandra,no hay sangre,,exón 11 BRCA1,Positiva p/BRCA1:c.2487delT,,1,fallecida,CO unil izq,,,48,,seroso papilar,,,,,,,,,,?,,,,Positiva p/BRCA1:c.2487delT,BRCA1,c.2487delT,c.2487delT,BRCA1,BRCA1 c.2487delT,BRCA1,BRCA1,54584,VCV000054584.,NM_007294.4(BRCA1):c.2487del (p.Phe829fs),BRCA1_c.2487delT,"P, a, t, h, o, g, e, n, i, c","BIC: 2606&base_change=del T, ClinGen: CA001657, dbSNP: 80357658"
614.0,F999 (1216),4,Medina Sebastián,,,exón 11 BRCA1,Positiva p/BRCA1:c.2487delT,,,,,,,,,,,,,,,,,,,,,,,Positiva p/BRCA1:c.2487delT,BRCA1,c.2487delT,c.2487delT,BRCA1,BRCA1 c.2487delT,BRCA1,BRCA1,54584,VCV000054584.,NM_007294.4(BRCA1):c.2487del (p.Phe829fs),BRCA1_c.2487delT,"P, a, t, h, o, g, e, n, i, c","BIC: 2606&base_change=del T, ClinGen: CA001657, dbSNP: 80357658"
620.0,F1005,1,Barboza Hernández Ma Luján,35671,CENAGEM,exón 21 BRCA1,Positiva p/BRCA1:c.5319dupC,,,42,1,,,40,,2,,3,,0,,0,,0,,1,,,,Positiva p/BRCA1:c.5319dupC,BRCA1,c.5319dupC,c.5319dupC,BRCA1,BRCA1 c.5319dupC,BRCA1,BRCA1,55523,VCV000055523.,NM_007294.4(BRCA1):c.5319dup (p.Asn1774fs),BRCA1_c.5319dupC,"P, a, t, h, o, g, e, n, i, c","BIC: 5438&base_change=ins C, ClinGen: CA003472, dbSNP: 80357823"
622.0,F1005,3,Buyatti Mailen,35671,CENAGEM,exón 21 BRCA1,Positiva p/BRCA1:c.5319dupC,,,27,0,,,,,,,,,,,,,,,,,,,Positiva p/BRCA1:c.5319dupC,BRCA1,c.5319dupC,c.5319dupC,BRCA1,BRCA1 c.5319dupC,BRCA1,BRCA1,55523,VCV000055523.,NM_007294.4(BRCA1):c.5319dup (p.Asn1774fs),BRCA1_c.5319dupC,"P, a, t, h, o, g, e, n, i, c","BIC: 5438&base_change=ins C, ClinGen: CA003472, dbSNP: 80357823"
624.0,F1005,4,Hernández Claudia,35671,CENAGEM,exón 21 BRCA1,Positiva p/BRCA1:c.5319dupC,,,57,0,,,,,,,,,,,,,,,,,,,Positiva p/BRCA1:c.5319dupC,BRCA1,c.5319dupC,c.5319dupC,BRCA1,BRCA1 c.5319dupC,BRCA1,BRCA1,55523,VCV000055523.,NM_007294.4(BRCA1):c.5319dup (p.Asn1774fs),BRCA1_c.5319dupC,"P, a, t, h, o, g, e, n, i, c","BIC: 5438&base_change=ins C, ClinGen: CA003472, dbSNP: 80357823"
633.0,F1078,1,De la Serna Luisina,,Dolores Mansilla,panel afuera,Positiva p/BRCA1:c.5030_5033delCTAA exón 17(p.Thr1677Ilefs),,,,3,,,29,,,,,,,,,,,,1,,,,Positiva p/BRCA1:c.5030_5033delCTAA,BRCA1,c.5030_5033delCTAA,c.5030_5033delCTAA,BRCA1,BRCA1 c.5030_5033delCTAA,BRCA1,BRCA1,37623,VCV000037623.,NM_007294.4(BRCA1):c.5030_5033del (p.Thr1677fs),BRCA1_c.5030_5033delCTAA,"P, a, t, h, o, g, e, n, i, c","BIC: 5146&base_change=del TAAC, BIC: 5147&base_change=del AACT, BIC: 5149&base_change=del CTAA, ClinGen: CA003158, dbSNP: 80357580"
639.0,F1104 (763),,Frontini Ma. Ángeles,,Victoria Cólica,exón 25 BRCA2,Positiva p/BRCA2:c.9381G>A,,italianos,22,0,,,,,,,,,,,,,,,,,,,Positiva p/BRCA2:c.9381G>A,BRCA2,c.9381G>A,c.9381G>A,BRCA2,BRCA2 c.9381G>A,BRCA2,BRCA2,234828,VCV000234828.,NM_000059.4(BRCA2):c.9381G>A (p.Trp3127Ter),BRCA2_c.9381G>A,"P, a, t, h, o, g, e, n, i, c","dbSNP: 876661242, ClinGen: CA10577497"
644.0,F1131,1,Cardozo Fermina Ester,,Victoria Cólica,exón 15 BRCA1,Positiva p/BRCA1:c.4736_4739delCTTC (p.Pro1579LeufsTer21) exon 15 ,,,,CO,,,48,,,,,,,,,,,,1,,,,Positiva p/BRCA1:c.4736_4739delCTTC,BRCA1,c.4736_4739delCTTC,c.4736_4739delCTTC,BRCA1,BRCA1 c.4736_4739delCTTC,BRCA1,BRCA1,491087,VCV000491087.,NM_007294.4(BRCA1):c.4736_4739del (p.Pro1579fs),BRCA1_c.4736_4739delCTTC,"P, a, t, h, o, g, e, n, i, c","ClinGen: CA658684116, dbSNP: 1555581017"
667.0,F1172,1,Sánchez Rojas Ramona,,Luciana Gentile/Angela Gómez,mut c.3918delT ,Positiva p/BRCA2:c.3918delT ,1.0,1,45,2,,,39,,1,,3,,1,,1,,1,,1,,,,Positiva p/BRCA2:c.3918delT,BRCA2,c.3918delT,c.3918delT,BRCA2,BRCA2 c.3918delT,BRCA2,,,,,,,
679.0,F1189,1,Medina María Esther,,Misiones, c.4183C>T BRCA1,Positiva p/BRCA1:c.4183C>T ,,,,,,,,,,,,,,,,,,,,,,,Positiva p/BRCA1:c.4183C>T,BRCA1,c.4183C>T,c.4183C>T,BRCA1,BRCA1 c.4183C>T,BRCA1,BRCA1,17675,VCV000017675.,NM_007294.4(BRCA1):c.4327C>T (p.Arg1443Ter),BRCA1_c.4183C>T,"P, a, t, h, o, g, e, n, i, c","ClinGen: CA002769, dbSNP: 41293455"
681.0,F1189 (1190),3,Miguell Celia María,,Misiones, BRCA1: c.4183C>T ,Positiva p/BRCA1:c.4183C>T ,,,,,,,,,,,,,,,,,,,,,,,Positiva p/BRCA1:c.4183C>T,BRCA1,c.4183C>T,c.4183C>T,BRCA1,BRCA1 c.4183C>T,BRCA1,BRCA1,17675,VCV000017675.,NM_007294.4(BRCA1):c.4327C>T (p.Arg1443Ter),BRCA1_c.4183C>T,"P, a, t, h, o, g, e, n, i, c","ClinGen: CA002769, dbSNP: 41293455"
682.0,F1191,1,,,,BRCA1:c.4964_4982del ,Positiva p/BRCA1:c.4964_4982del ,,,,,,,,,,,,,,,,,,,,,,,Positiva p/BRCA1:c.4964_4982del,BRCA1,c.4964_4982del,c.4964_4982del,BRCA1,BRCA1 c.4964_4982del,BRCA1,BRCA1,37616,VCV000037616.,NM_007294.4(BRCA1):c.4964_4982del (p.Ser1655fs),BRCA1_c.4964_4982del,"P, a, t, h, o, g, e, n, i, c","BIC: 5083&base_change=del 19, ClinGen: CA003108, dbSNP: 80359876"
685.0,F1194,1,Oschlenschlaeger Marcelina Sofía,,,Secuenciación BRCA1/2,Positiva p/BRCA1:c.1480C>T ,,,fallecida,CO,,,60,,,,,,,,,,,,1,,,,Positiva p/BRCA1:c.1480C>T,BRCA1,c.1480C>T,c.1480C>T,BRCA1,BRCA1 c.1480C>T,BRCA1,BRCA1,37409,VCV000037409.,NM_007294.4(BRCA1):c.1389_1390delinsG (p.Thr464fs),BRCA1_c.1480C>T,"P, a, t, h, o, g, e, n, i, c","BIC: 1508&base_change=del AA ins G, ClinGen: CA000927, dbSNP: 273897659"
687.0,F1194,3,Viera Andrea,,,Secuenciación BRCA1/2,Positiva p/BRCA1:c.1480C>T ,,0,37,0 (quiste benigno en ovario),,,,,,,,,,,,,,,1,,,,Positiva p/BRCA1:c.1480C>T,BRCA1,c.1480C>T,c.1480C>T,BRCA1,BRCA1 c.1480C>T,BRCA1,BRCA1,37409,VCV000037409.,NM_007294.4(BRCA1):c.1389_1390delinsG (p.Thr464fs),BRCA1_c.1480C>T,"P, a, t, h, o, g, e, n, i, c","BIC: 1508&base_change=del AA ins G, ClinGen: CA000927, dbSNP: 273897659"
688.0,F1195,1,Argañaraz Rosa,,,Secuenciación BRCA1/2,Positiva p/BRCA1:c.1504_1507delTTAA ,1.0,0,50,CO unil,,,46,,,,,,,,,,,,,,,,Positiva p/BRCA1:c.1504_1507delTTAA,BRCA1,c.1504_1507delTTAA,c.1504_1507delTTAA,BRCA1,BRCA1 c.1504_1507delTTAA,BRCA1,BRCA1,266170,VCV000266170.,NM_007294.4(BRCA1):c.1504_1507del (p.Leu502fs),BRCA1_c.1504_1507delTTAA,"P, a, t, h, o, g, e, n, i, c","ClinGen: CA10589934, dbSNP: 886039955"
689.0,F1195,2,López Jacqueline,,Soledad Andersen,mut c.1504_1507delTTAA BRCA1,Positiva p/BRCA1:c.1504_1507delTTAA ,,0,28,0,,,,,,,,,,,,,,,,,,,Positiva p/BRCA1:c.1504_1507delTTAA,BRCA1,c.1504_1507delTTAA,c.1504_1507delTTAA,BRCA1,BRCA1 c.1504_1507delTTAA,BRCA1,BRCA1,266170,VCV000266170.,NM_007294.4(BRCA1):c.1504_1507del (p.Leu502fs),BRCA1_c.1504_1507delTTAA,"P, a, t, h, o, g, e, n, i, c","ClinGen: CA10589934, dbSNP: 886039955"
690.0,F1197,1,Fabbri Andrea Cristina,36870,CENAGEM,mut c.6024dupG BRCA2,Positiva p/BRCA2:c.6024dupG ,1.0,1,37,0,,,,,,,,,,,,,,,1,,,,Positiva p/BRCA2:c.6024dupG,BRCA2,c.6024dupG,c.6024dupG,BRCA2,BRCA2 c.6024dupG,BRCA2,BRCA2,38015,VCV000038015.,NM_000059.4(BRCA2):c.6024dup (p.Gln2009fs),BRCA2_c.6024dupG,"P, a, t, h, o, g, e, n, i, c","ClinGen: CA023532, dbSNP: 80359554"
691.0,F1197 (1205),2,Fiori Cristina,36870,CENAGEM,mut c.6024dupG BRCA2,Positiva p/BRCA2:c.6024dupG,1.0,1,65,2,,,64,,,,,,,,,,,,0,,,,Positiva p/BRCA2:c.6024dupG,BRCA2,c.6024dupG,c.6024dupG,BRCA2,BRCA2 c.6024dupG,BRCA2,BRCA2,38015,VCV000038015.,NM_000059.4(BRCA2):c.6024dup (p.Gln2009fs),BRCA2_c.6024dupG,"P, a, t, h, o, g, e, n, i, c","ClinGen: CA023532, dbSNP: 80359554"
695.0,F1204,1,Muzzupappa Karina,,Cecilia Martín,Secuenciación BRCA1/2,Positiva p/BRCA2:c.6037A>T ,1.0,1,49,2,,,48,,2,,3,,1,,1,,0,,1,,,,Positiva p/BRCA2:c.6037A>T,BRCA2,c.6037A>T,c.6037A>T,BRCA2,BRCA2 c.6037A>T,BRCA2,BRCA2,37429,VCV000037429.,NM_007294.4(BRCA1):c.1826A>G (p.Asn609Ser),BRCA2_c.6037A>T,"C, o, n, f, l, i, c, t, i, n, g,  , c, l, a, s, s, i, f, i, c, a, t, i, o, n, s,  , o, f,  , p, a, t, h, o, g, e, n, i, c, i, t, y","ClinGen: CA001189, dbSNP: 80357236"
730.0,F1247,1,Placenti Adriana María,37286,CENAGEM,MLPA,"MLPA neg, Genos/ Positiva p/BRCA2:c.8754+4 A>G ",,1,52,2,,,29,,cuadrancectomia mama izq,,,,,,,,,,"mdre ca gastrico, abuela materna ca mama, tias maternas ca mama y pulmon",,,,Positiva p/BRCA2:c.8754+4,BRCA2,c.8754+4,c.8754+4,BRCA2,BRCA2 c.8754+4,BRCA2,,,,,,,
738.0,F1261,1,Cadario Sabrina,37237,CENAGEM,BRCA1 c.5278-1G>T,Positiva p/BRCA1:c.5278-1G>T,,1,38,0,,,38,,,,,,,,,,,,1,,,,Positiva p/BRCA1:c.5278-1G>T,BRCA1,c.5278-1G>T,c.5278-1G>T,BRCA1,BRCA1 c.5278-1G>T,BRCA1,BRCA1,55502,VCV000055502.,NM_007294.4(BRCA1):c.5278-1G>T,BRCA1_c.5278-1G>T,"P, a, t, h, o, g, e, n, i, c","BIC: 5397-1&base_change=G to T, ClinGen: CA003436, dbSNP: 80358099"
745.0,F1268,1,Escudero Andrea,,,mut familiar,Positiva p/BRCA2:c.8987T>A ,,,,,,,,,,,,,,,,,,,,,,,Positiva p/BRCA2:c.8987T>A,BRCA2,c.8987T>A,c.8987T>A,BRCA2,BRCA2 c.8987T>A,BRCA2,BRCA2,219665,VCV000219665.,NM_000059.4(BRCA2):c.8987T>A (p.Leu2996Ter),BRCA2_c.8987T>A,"P, a, t, h, o, g, e, n, i, c","ClinGen: CA348592, dbSNP: 864622200"
746.0,F1268,2,Escudero Sebastián,,,mut familiar,Positiva p/BRCA2:c.8987T>A ,,,,,,,,,,,,,,,,,,,,,,,Positiva p/BRCA2:c.8987T>A,BRCA2,c.8987T>A,c.8987T>A,BRCA2,BRCA2 c.8987T>A,BRCA2,BRCA2,219665,VCV000219665.,NM_000059.4(BRCA2):c.8987T>A (p.Leu2996Ter),BRCA2_c.8987T>A,"P, a, t, h, o, g, e, n, i, c","ClinGen: CA348592, dbSNP: 864622200"
748.0,F1268,4,Escudero Mariano,,,mut familiar,Positiva p/BRCA2:c.8987T>A ,,,,,,,,,,,,,,,,,,,,,,,Positiva p/BRCA2:c.8987T>A,BRCA2,c.8987T>A,c.8987T>A,BRCA2,BRCA2 c.8987T>A,BRCA2,BRCA2,219665,VCV000219665.,NM_000059.4(BRCA2):c.8987T>A (p.Leu2996Ter),BRCA2_c.8987T>A,"P, a, t, h, o, g, e, n, i, c","ClinGen: CA348592, dbSNP: 864622200"
,F1278,1,Marchian Andrea Laura,37502,cenagem, c.5763del en exon 11 BRCA2,Positiva p/BRCA2:c.5763del,,1,53,1,1,,36,39.0,CM,CO,,,,,,,,,,,,,Positiva p/BRCA2:c.5763del,BRCA2,c.5763del,c.5763del,BRCA2,BRCA2 c.5763del,BRCA2,BRCA2,185292,VCV000185292.,NM_000059.4(BRCA2):c.5763del (p.Phe1921fs),BRCA2_c.5763del,"P, a, t, h, o, g, e, n, i, c","ClinGen: CA023173, dbSNP: 80359534"
,F1292,1,Gonzalez Vanesa,37668,cenagem,BRCA1:c.3228_3229del,Positiva p/BRCA1:c.3228_3229del,,1,41,1,0,,34,,CMI,,,,0,,0,,0,,1,,,,Positiva p/BRCA1:c.3228_3229del,BRCA1,c.3228_3229del,c.3228_3229del,BRCA1,BRCA1 c.3228_3229del,BRCA1,BRCA1,37516,VCV000037516.,NM_007294.4(BRCA1):c.3228_3229del (p.Gly1077fs),BRCA1_c.3228_3229del,"P, a, t, h, o, g, e, n, i, c","BIC: 3347&base_change=del AG, ClinGen: CA002091, dbSNP: 80357635"
,F1292,2,Zenoff Isabel(mama de vanesa),37668,no se estudio aca,BRCA1:c.3228_3229del,Positiva p/BRCA1:c.3228_3229del,,1,64,0,,,,,,,,,,,,,,,"1(2 hanas, una con CM, otra con CO, 3 hnois, ca de hueso, garganta y testiculo)",,,,Positiva p/BRCA1:c.3228_3229del,BRCA1,c.3228_3229del,c.3228_3229del,BRCA1,BRCA1 c.3228_3229del,BRCA1,BRCA1,37516,VCV000037516.,NM_007294.4(BRCA1):c.3228_3229del (p.Gly1077fs),BRCA1_c.3228_3229del,"P, a, t, h, o, g, e, n, i, c","BIC: 3347&base_change=del AG, ClinGen: CA002091, dbSNP: 80357635"
800.0,F1336,1,Hernández Hueto Andrea,37981,Mercado/Cólica,c.4392del BRCA1 (exón 14),Positiva p/BRCA1:c.4392delT (p.Ile1465Ter) ,,,,,,,,,,,,,,,,,,,,,,,Positiva p/BRCA1:c.4392delT,BRCA1,c.4392delT,c.4392delT,BRCA1,BRCA1 c.4392delT,BRCA1,BRCA1,418999,VCV000418999.,NM_007294.4(BRCA1):c.4392del (p.Pro1464_Ile1465insTer),BRCA1_c.4392delT,"P, a, t, h, o, g, e, n, i, c","ClinGen: CA16620425, dbSNP: 1064793577"
808.0,F1346,1,Mosqueira Alicia Raquel,37969,Mercado/Cólica,c.6600_6601delTT BRCA2 (exón 11y),Positiva p/BRCA2:c.6600_6601delTT (p.Ser2201Ter) ,,,,,,,,,,,,,,,,,,,,,,,Positiva p/BRCA2:c.6600_6601delTT,BRCA2,c.6600_6601delTT,c.6600_6601delTT,BRCA2,BRCA2 c.6600_6601delTT,BRCA2,BRCA2,52122,VCV000052122.,NM_000059.4(BRCA2):c.6531_6534del (p.Ile2177fs),BRCA2_c.6600_6601delTT,"P, a, t, h, o, g, e, n, i, c","ClinGen: CA024136, dbSNP: 397507865"
,F1336,1,"Hernandez, hana de Andrea",37981,no se estudio aca,BRCA1:c.4392del,Positiva p/BRCA1:c.4392del,,1,70,1,,,,,,,,,,,,,,,"2 hnas con CM, y una hna con CO",,,,Positiva p/BRCA1:c.4392del,BRCA1,c.4392del,c.4392del,BRCA1,BRCA1 c.4392del,BRCA1,BRCA1,418999,VCV000418999.,NM_007294.4(BRCA1):c.4392del (p.Pro1464_Ile1465insTer),BRCA1_c.4392del,"P, a, t, h, o, g, e, n, i, c","ClinGen: CA16620425, dbSNP: 1064793577"
819.0,F1366,1,"Yarza, (hna de Ailen y Debora)",38334,Mercado,BRCA1:c.798_799del,Positiva p/BRCA1:c.798_799del,,,,1,,,,,,,,,,,,,,,"tia paterna CM, abuela materna CM",,,,Positiva p/BRCA1:c.798_799del,BRCA1,c.798_799del,c.798_799del,BRCA1,BRCA1 c.798_799del,BRCA1,BRCA1,37698,VCV000037698.,NM_007294.4(BRCA1):c.798_799del (p.Ser267fs),BRCA1_c.798_799del,"P, a, t, h, o, g, e, n, i, c","BIC: 916&base_change=del TT, BIC: 917&base_change=del TT, ClinGen: CA003881, dbSNP: 80357724"
820.0,F1366,2,"Yarza, Ailen",38334,Mercado,exón 11A BRCA1,Positiva p/BRCA1:c.798_799del,,,,,,,,,,,,,,,,,,,,,,,Positiva p/BRCA1:c.798_799del,BRCA1,c.798_799del,c.798_799del,BRCA1,BRCA1 c.798_799del,BRCA1,BRCA1,37698,VCV000037698.,NM_007294.4(BRCA1):c.798_799del (p.Ser267fs),BRCA1_c.798_799del,"P, a, t, h, o, g, e, n, i, c","BIC: 916&base_change=del TT, BIC: 917&base_change=del TT, ClinGen: CA003881, dbSNP: 80357724"
823.0,F1366,5,"Yarza, Florencia Anahi",38334,Mercado,exón 11A BRCA1,Positiva p/BRCA1:c.798_799del,,,16,,,,,,,,,,,,,,,,hna con CM,,,,Positiva p/BRCA1:c.798_799del,BRCA1,c.798_799del,c.798_799del,BRCA1,BRCA1 c.798_799del,BRCA1,BRCA1,37698,VCV000037698.,NM_007294.4(BRCA1):c.798_799del (p.Ser267fs),BRCA1_c.798_799del,"P, a, t, h, o, g, e, n, i, c","BIC: 916&base_change=del TT, BIC: 917&base_change=del TT, ClinGen: CA003881, dbSNP: 80357724"
826.0,F1373,2,"Uthermark, Elida",38259,Lotersztein,c.6405_6409del,Positiva p/BRCA2:c.6405_6409del,,,,,,,,,,,,,,,,,,,,,,,Positiva p/BRCA2:c.6405_6409del,BRCA2,c.6405_6409del,c.6405_6409del,BRCA2,BRCA2 c.6405_6409del,BRCA2,BRCA2,38043,VCV000038043.,NM_000059.4(BRCA2):c.6405_6409del (p.Asn2135fs),BRCA2_c.6405_6409del,"P, a, t, h, o, g, e, n, i, c","ClinGen: CA023991, dbSNP: 80359584"
827.0,F1373 (1372),3,Cabezas Gustavo,38259,Lotersztein,BRCA2:c.6405_6409del,Positiva p/BRCA2:c.6405_6409del,,,,,,,,,,,,,,,,,,,,,,,Positiva p/BRCA2:c.6405_6409del,BRCA2,c.6405_6409del,c.6405_6409del,BRCA2,BRCA2 c.6405_6409del,BRCA2,BRCA2,38043,VCV000038043.,NM_000059.4(BRCA2):c.6405_6409del (p.Asn2135fs),BRCA2_c.6405_6409del,"P, a, t, h, o, g, e, n, i, c","ClinGen: CA023991, dbSNP: 80359584"
,F1366,2,YARZA AILEN,38334,Mercado,BRCA1:c.798_799del ,Positiva p/BRCA1:c.798_799del,,,22,0,,,,,,,,,,,,,,,"tia paterna CM, abuela materna CM",,,,Positiva p/BRCA1:c.798_799del,BRCA1,c.798_799del,c.798_799del,BRCA1,BRCA1 c.798_799del,BRCA1,BRCA1,37698,VCV000037698.,NM_007294.4(BRCA1):c.798_799del (p.Ser267fs),BRCA1_c.798_799del,"P, a, t, h, o, g, e, n, i, c","BIC: 916&base_change=del TT, BIC: 917&base_change=del TT, ClinGen: CA003881, dbSNP: 80357724"
,F1366,5,"Yarza, Florencia Anahi",38334,Mercado,BRCA1:c.798_799del ,Positiva p/BRCA1:c.798_799del,,,30,0,,,,,,,,,,,,,,,,,,,Positiva p/BRCA1:c.798_799del,BRCA1,c.798_799del,c.798_799del,BRCA1,BRCA1 c.798_799del,BRCA1,BRCA1,37698,VCV000037698.,NM_007294.4(BRCA1):c.798_799del (p.Ser267fs),BRCA1_c.798_799del,"P, a, t, h, o, g, e, n, i, c","BIC: 916&base_change=del TT, BIC: 917&base_change=del TT, ClinGen: CA003881, dbSNP: 80357724"
,F1373,2,"Uthermark, Elida( tia de Iris)",38259,Cenagem,BRCA2:c.6405_6409del,Positiva p/BRCA2:c.6405_6409del,,,71,0,,,,,,,,,,,,,,,"Hno con ca de estomago, hna con ca de pancreas",,,,Positiva p/BRCA2:c.6405_6409del,BRCA2,c.6405_6409del,c.6405_6409del,BRCA2,BRCA2 c.6405_6409del,BRCA2,BRCA2,38043,VCV000038043.,NM_000059.4(BRCA2):c.6405_6409del (p.Asn2135fs),BRCA2_c.6405_6409del,"P, a, t, h, o, g, e, n, i, c","ClinGen: CA023991, dbSNP: 80359584"
,F1373,3,Cabezas Gustavo(hijo de elida),38259,Cenagem,BRCA2:c.6405_6409del,Positiva p/BRCA2:c.6405_6409del,,,45,0,,,,,,,,,,,,,,,"hna con CM, tia materna ca de pancreas, tio materno ca estomago",,,,Positiva p/BRCA2:c.6405_6409del,BRCA2,c.6405_6409del,c.6405_6409del,BRCA2,BRCA2 c.6405_6409del,BRCA2,BRCA2,38043,VCV000038043.,NM_000059.4(BRCA2):c.6405_6409del (p.Asn2135fs),BRCA2_c.6405_6409del,"P, a, t, h, o, g, e, n, i, c","ClinGen: CA023991, dbSNP: 80359584"
830.0,F1376,1,"Cedrolla, Maria Belen",38513,Mercado,BRCA2:c.6405_6409del,Positivo p/BRCA2:c.6405_6409del,,,35,1,,,,,,,,,POS,,POS,,NEG,,,,,,Positivo p/BRCA2:c.6405_6409del,BRCA2,c.6405_6409del,c.6405_6409del,BRCA2,BRCA2 c.6405_6409del,BRCA2,BRCA2,38043,VCV000038043.,NM_000059.4(BRCA2):c.6405_6409del (p.Asn2135fs),BRCA2_c.6405_6409del,"P, a, t, h, o, g, e, n, i, c","ClinGen: CA023991, dbSNP: 80359584"
832.0,F1379,1,"Chirenza, Marta",38410,Mercado,BRCA1:c.66dupA,Positivo p/BRCA1:c.66dupA,,,36,1,,,,,,,,,,,,,,,"tias patenas y prima paterna ca ovario y mama, hermana CM, mdre CM, padre ca prostata y vejiga",,,,Positivo p/BRCA1:c.66dupA,BRCA1,c.66dupA,c.66dupA,BRCA1,BRCA1 c.66dupA,BRCA1,BRCA1,37691,VCV000037691.,NM_007294.4(BRCA1):c.66dup (p.Glu23fs),BRCA1_c.66dupA,"P, a, t, h, o, g, e, n, i, c","BIC: 185&base_change=ins A, ClinGen: CA003784, dbSNP: 80357783"
833.0,F1379,2,"Chirenza, Rosa",38410,Mercado,c.66dupA,Positivo p/BRCA1:c.66dupA,,,,,,,,,,,,,,,,,,,,,,,Positivo p/BRCA1:c.66dupA,BRCA1,c.66dupA,c.66dupA,BRCA1,BRCA1 c.66dupA,BRCA1,BRCA1,37691,VCV000037691.,NM_007294.4(BRCA1):c.66dup (p.Glu23fs),BRCA1_c.66dupA,"P, a, t, h, o, g, e, n, i, c","BIC: 185&base_change=ins A, ClinGen: CA003784, dbSNP: 80357783"
,F1384,1,"Bonafina, Mercedes",38559,Mercado,c.5266dup,Positivo p/BRCA1:c.5266dup,,,44,1,,,,,,,,,NEG,,NEG,,NEG,,"madre con ca de oavrio, abuela con ca de mama",,,,Positivo p/BRCA1:c.5266dup,BRCA1,c.5266dup,c.5266dup,BRCA1,BRCA1 c.5266dup,BRCA1,BRCA1,17677,VCV000017677.,NM_007294.4(BRCA1):c.5266dup (p.Gln1756fs),BRCA1_c.5266dup,"P, a, t, h, o, g, e, n, i, c","BIC: 5382&base_change=ins C, ClinGen: CA003404, dbSNP: 80357906"
,F1384,2,"Bonafina, Hugo",38559,Mercado,c.5266dup,Positivo p/BRCA1:c.5266dup,,,53,0,,,,,,,,,,,,,,,"hna con CM, madre con CO, abuela con CM",,,,Positivo p/BRCA1:c.5266dup,BRCA1,c.5266dup,c.5266dup,BRCA1,BRCA1 c.5266dup,BRCA1,BRCA1,17677,VCV000017677.,NM_007294.4(BRCA1):c.5266dup (p.Gln1756fs),BRCA1_c.5266dup,"P, a, t, h, o, g, e, n, i, c","BIC: 5382&base_change=ins C, ClinGen: CA003404, dbSNP: 80357906"
838.0,F1385,1,"Positi, Elavia",38541,Lucas Sanchez,c.211A>G BRCA1,Positivo p/BRCA1:c.211A>G ,,,54,1,,,35,42.0,Carcinoma Ductal,Lobulillar infiltrante,,,,1,,,,0,tias paternas con CM,,,,Positivo p/BRCA1:c.211A>G,BRCA1,c.211A>G,c.211A>G,BRCA1,BRCA1 c.211A>G,BRCA1,BRCA1,17693,VCV000017693.,NM_007294.4(BRCA1):c.211A>G (p.Arg71Gly),BRCA1_c.211A>G,"P, a, t, h, o, g, e, n, i, c","ClinGen: CA001398, dbSNP: 80357382"
,F1385,2,"Sanchez, Carracedo Constanza",38541,Lucas Sanchez,c.211A>G BRCA1,Positivo p/BRCA1:c.211A>G ,,,,,,,,,,,,,,,,,,,,,,,Positivo p/BRCA1:c.211A>G,BRCA1,c.211A>G,c.211A>G,BRCA1,BRCA1 c.211A>G,BRCA1,BRCA1,17693,VCV000017693.,NM_007294.4(BRCA1):c.211A>G (p.Arg71Gly),BRCA1_c.211A>G,"P, a, t, h, o, g, e, n, i, c","ClinGen: CA001398, dbSNP: 80357382"
839.0,F1385,2,"Sanchez Carracedo, Constanza (hija de Elavia)",38541,Lucas Sanchez,c.211A>G BRCA1,Positivo p/BRCA1:c.211A>G ,,,18,0,,,,,,,,,,,,,,,Madre con CM ,,,,Positivo p/BRCA1:c.211A>G,BRCA1,c.211A>G,c.211A>G,BRCA1,BRCA1 c.211A>G,BRCA1,BRCA1,17693,VCV000017693.,NM_007294.4(BRCA1):c.211A>G (p.Arg71Gly),BRCA1_c.211A>G,"P, a, t, h, o, g, e, n, i, c","ClinGen: CA001398, dbSNP: 80357382"
840.0,F1387,1,"Lopez, Inadraz Maria Luisa",38622,Mercado,BRCA1:c.1953dup,Positivo p/BRCA1:c.1953dup,,,59,CO,,,55,,Adenocarcinoma,,,,,,,,,,,,,,Positivo p/BRCA1:c.1953dup,BRCA1,c.1953dup,c.1953dup,BRCA1,BRCA1 c.1953dup,BRCA1,BRCA1,38227,VCV000038227.,NM_000059.4(BRCA2):c.9292T>C (p.Tyr3098His),BRCA1_c.1953dup,"B, e, n, i, g, n","ClinGen: CA026092, dbSNP: 41293521"
842.0,F1388,1,"Wilkinson, Cintia(sobrina de Beyrne Ricardo)",38705,Lucas Sanchez, BRCA1:c.427G>T,Positivo p/BRCA1:c.427G>T,,,40,1,,,,,,,,,,,,,,,"1 (Madre con CM y ovario, tio con melanoma)",,,,Positivo p/BRCA1:c.427G>T,BRCA1,c.427G>T,c.427G>T,BRCA1,BRCA1 c.427G>T,BRCA1,BRCA1,37569,VCV000037569.,NM_007294.4(BRCA1):c.4117G>T (p.Glu1373Ter),BRCA1_c.427G>T,"P, a, t, h, o, g, e, n, i, c","ClinGen: CA002641, dbSNP: 80357259"
843.0,F1388,2,"Beyrne, Murray Ricardo Tomas",38705,Lucas Sanchez,exón 7 BRCA1,Positivo p/BRCA1:c.427G>T ,,,64,Melanoma,,,55,,,,,,,,,,,,,,,,Positivo p/BRCA1:c.427G>T,BRCA1,c.427G>T,c.427G>T,BRCA1,BRCA1 c.427G>T,BRCA1,BRCA1,37569,VCV000037569.,NM_007294.4(BRCA1):c.4117G>T (p.Glu1373Ter),BRCA1_c.427G>T,"P, a, t, h, o, g, e, n, i, c","ClinGen: CA002641, dbSNP: 80357259"
844.0,F1391 (F1388),3,"Beyrne, Murray Cecilia",38705,Lucas Sanchez,exón 7 BRCA1,Positivo p/BRCA1:c.427G>T ,,,38,,,,,,,,,,,,,,,,,,,,Positivo p/BRCA1:c.427G>T,BRCA1,c.427G>T,c.427G>T,BRCA1,BRCA1 c.427G>T,BRCA1,BRCA1,37569,VCV000037569.,NM_007294.4(BRCA1):c.4117G>T (p.Glu1373Ter),BRCA1_c.427G>T,"P, a, t, h, o, g, e, n, i, c","ClinGen: CA002641, dbSNP: 80357259"
,F1388,4,"Beyrne, Murray Guillermo",38705,Ripodas Santiago,exón 7 BRCA1,Positivo p/BRCA1:c.427G>T ,,,37,,,,,,,,,,,,,,,,,,,,Positivo p/BRCA1:c.427G>T,BRCA1,c.427G>T,c.427G>T,BRCA1,BRCA1 c.427G>T,BRCA1,BRCA1,37569,VCV000037569.,NM_007294.4(BRCA1):c.4117G>T (p.Glu1373Ter),BRCA1_c.427G>T,"P, a, t, h, o, g, e, n, i, c","ClinGen: CA002641, dbSNP: 80357259"
,F1388,2,"Beyrne, Ricardo",38705,Lucas Sanchez,BRCA1:c.427G>T,Positivo p/BRCA1:c.427G>T,,,64,Melanoma,,,55,,,,,,,,,,,,hna con CM y ovario,,,,Positivo p/BRCA1:c.427G>T,BRCA1,c.427G>T,c.427G>T,BRCA1,BRCA1 c.427G>T,BRCA1,BRCA1,37569,VCV000037569.,NM_007294.4(BRCA1):c.4117G>T (p.Glu1373Ter),BRCA1_c.427G>T,"P, a, t, h, o, g, e, n, i, c","ClinGen: CA002641, dbSNP: 80357259"
,F1388(1391),3,Beyrne Cecilia,38705,Lucas Sanchez,BRCA1:c.427G>T,Positivo p/BRCA1:c.427G>T,,,38,0,,,,,,,,,,,,,,,"Padre con melanoma, tia con ca mama y ovario",,,,Positivo p/BRCA1:c.427G>T,BRCA1,c.427G>T,c.427G>T,BRCA1,BRCA1 c.427G>T,BRCA1,BRCA1,37569,VCV000037569.,NM_007294.4(BRCA1):c.4117G>T (p.Glu1373Ter),BRCA1_c.427G>T,"P, a, t, h, o, g, e, n, i, c","ClinGen: CA002641, dbSNP: 80357259"
845.0,F1388,4,Beyrne Guillermo,38705,Lucas Sanchez,BRCA1:c.427G>T,Positivo p/BRCA1:c.427G>T,,,37,0,,,,,,,,,,,,,,,"Padre con melanoma, tia con ca mama y ovario",,,,Positivo p/BRCA1:c.427G>T,BRCA1,c.427G>T,c.427G>T,BRCA1,BRCA1 c.427G>T,BRCA1,BRCA1,37569,VCV000037569.,NM_007294.4(BRCA1):c.4117G>T (p.Glu1373Ter),BRCA1_c.427G>T,"P, a, t, h, o, g, e, n, i, c","ClinGen: CA002641, dbSNP: 80357259"
846.0,F1389,1,"Benitez, Marilin",38706,Santiago Ripodas,BRCA1 se estudió afuera,Positivo p/BRCA1:c.4736_4739del ,,,38,1,,,37,,CI,,,,1,,1,,0,,madre con CM,,,,Positivo p/BRCA1:c.4736_4739del,BRCA1,c.4736_4739del,c.4736_4739del,BRCA1,BRCA1 c.4736_4739del,BRCA1,BRCA1,491087,VCV000491087.,NM_007294.4(BRCA1):c.4736_4739del (p.Pro1579fs),BRCA1_c.4736_4739del,"P, a, t, h, o, g, e, n, i, c","ClinGen: CA658684116, dbSNP: 1555581017"
847.0,F1389,2,"Gonzalez, Virginia",38706,Santiago Ripodas,exón 16 BRCA1,Positivo p/BRCA1:c.4736_4739del ,,,61,1,,,40,,CLI,,,,1,,1,,s/datos,,"1 (Madre con CM bil, 3 tias maternas CM)",,,,Positivo p/BRCA1:c.4736_4739del,BRCA1,c.4736_4739del,c.4736_4739del,BRCA1,BRCA1 c.4736_4739del,BRCA1,BRCA1,491087,VCV000491087.,NM_007294.4(BRCA1):c.4736_4739del (p.Pro1579fs),BRCA1_c.4736_4739del,"P, a, t, h, o, g, e, n, i, c","ClinGen: CA658684116, dbSNP: 1555581017"
849.0,F1392 (F600),5,"Llauro, Pedro",34195,Mercado,exón 7 BRCA1 (c.427G>T),Positivo p/BRCA1:c.427G>T ,,1,43,0,,,,,,,,,,,,,,,1,,,,Positivo p/BRCA1:c.427G>T,BRCA1,c.427G>T,c.427G>T,BRCA1,BRCA1 c.427G>T,BRCA1,BRCA1,37569,VCV000037569.,NM_007294.4(BRCA1):c.4117G>T (p.Glu1373Ter),BRCA1_c.427G>T,"P, a, t, h, o, g, e, n, i, c","ClinGen: CA002641, dbSNP: 80357259"
850.0,F1396,1,"Mazzariello,Maria Graciela",38800,Mercado,,"Positivo p/BRCA1:c.3841C>T, p.Gln1281*",,1,64,CO,,,62,,,,,,,,,,,,,,,,"Positivo p/BRCA1:c.3841C>T,",BRCA1,"c.3841C>T,","c.3841C>T,",BRCA1,"BRCA1 c.3841C>T,",BRCA1,,,,,,,
851.0,F1396,2,"Mazzariello, Silvina",38800,Mercado,exón 11 reg G BRCA1,"Positivo p/BRCA1:c.3841C>T, p.Gln1281* ",,1,49,0,,,,,,,,,,,,,,,1(tia paterna con Ca ovario),,,,"Positivo p/BRCA1:c.3841C>T,",BRCA1,"c.3841C>T,","c.3841C>T,",BRCA1,"BRCA1 c.3841C>T,",BRCA1,,,,,,,
854.0,F1398,1,"Trinidad Zarza, Noelia",38409,Mercado (Cólica),BRCA1 y 2 por Pfast,Positivo p/BRCA2:c.2808_2811del,,0,26,2,,,23,,CDI,,,,1,,1,,0,,,,,,Positivo p/BRCA2:c.2808_2811del,BRCA2,c.2808_2811del,c.2808_2811del,BRCA2,BRCA2 c.2808_2811del,BRCA2,BRCA2,9322,VCV000009322.,NM_000059.3(BRCA2):c.2808_2811del (p.Ala938Profs),BRCA2_c.2808_2811del,"P, a, t, h, o, g, e, n, i, c","ClinGen: CA016424, dbSNP: 80359351"
855.0,F1398,2,"Zarza, Nélida",38409,Mercado (Cólica),c.2808_2811delACAA BRCA2,Positivo p/BRCA2:c.2808_2811del,,0,48,0,,,,,,,,,,,,,,,,,,,Positivo p/BRCA2:c.2808_2811del,BRCA2,c.2808_2811del,c.2808_2811del,BRCA2,BRCA2 c.2808_2811del,BRCA2,BRCA2,9322,VCV000009322.,NM_000059.3(BRCA2):c.2808_2811del (p.Ala938Profs),BRCA2_c.2808_2811del,"P, a, t, h, o, g, e, n, i, c","ClinGen: CA016424, dbSNP: 80359351"
857.0,F1403,1,"Bruno, Alicia(mamá de M. Laura)",38782,Gabriela Avendaño,panel 30 genes(BRCA1),Positivo p/BRCA1:c.1360_1361del ,,1,65,2//1,,,41,63.0,,,,,s/datos,,s/datos,,s/datos,,"1(padre pulmon, madre ovario, tio pàterno prostata)",,,,Positivo p/BRCA1:c.1360_1361del,BRCA1,c.1360_1361del,c.1360_1361del,BRCA1,BRCA1 c.1360_1361del,BRCA1,BRCA1,37406,VCV000037406.,NM_007294.4(BRCA1):c.1360_1361del (p.Glu453_Ser454insTer),BRCA1_c.1360_1361del,"P, a, t, h, o, g, e, n, i, c","BIC: 1479&base_change=del AG, ClinGen: CA000906, dbSNP: 80357969"
862.0,1407,1,"Sanchez Alvarez, Nancy Mabel",38723,Graciela Mercado,BRCA1:c.5463dup,Positiva p/BRCA1:c.5463dup ,,0,60,2,,,56,,,,,,neg,,neg,,neg,,Madre con Ca de ovario y padre con ca esofago,,,,Positiva p/BRCA1:c.5463dup,BRCA1,c.5463dup,c.5463dup,BRCA1,BRCA1 c.5463dup,BRCA1,BRCA1,548237,VCV000548237.,NM_007294.4(BRCA1):c.5466dup (p.Ala1823fs),BRCA1_c.5463dup,"P, a, t, h, o, g, e, n, i, c",dbSNP: 1555574698
863.0,F1407,2,"Sanjiau, Yésica",38723,Graciela Mercado,c.5463dup,Positiva p/BRCA1:c.5463dup ,,1,42,CO,,,40,,,,,,,,,,,,"mdre con CM, abuela materna ca ovario, abuelo materno ca esofago, abuela paterna ca utero",,,,Positiva p/BRCA1:c.5463dup,BRCA1,c.5463dup,c.5463dup,BRCA1,BRCA1 c.5463dup,BRCA1,BRCA1,548237,VCV000548237.,NM_007294.4(BRCA1):c.5466dup (p.Ala1823fs),BRCA1_c.5463dup,"P, a, t, h, o, g, e, n, i, c",dbSNP: 1555574698
868.0,F1414,1,"Rodriguez, hna de Carolina",39138,"Arancedo, Josefina",c.1813del(p.Ala605HisFs*7)BRCA1,Positiva p/BRCA1:c.1813del ,,,43,CO,,,41,,seroso papilar,,,,,,,,,,tia paterna leucemia,,,,Positiva p/BRCA1:c.1813del,BRCA1,c.1813del,c.1813del,BRCA1,BRCA1 c.1813del,BRCA1,BRCA1,37763,VCV000037763.,NM_000059.4(BRCA2):c.1813del (p.Ile605fs),BRCA1_c.1813del,"P, a, t, h, o, g, e, n, i, c","ClinGen: CA013362, dbSNP: 80359306"
